k,scale_um,region,timepoint,category,enrichment_score,log2_enrichment,n_focal_cells,n_rois,n_mice_effective,below_min_support,insufficient_support,mouse_values
5,10.0,Cortex,D1,endothelial,1.4145134816251725,0.5003059270212578,1155,3,2,False,False,"[0.3697552060836866, 0.6308566479588289]"
5,10.0,Cortex,D1,endothelial+immune,1.4230629685964797,0.5089995005657102,725,3,2,False,False,"[0.572026945878563, 0.44597205525285755]"
5,10.0,Cortex,D1,endothelial+immune+stromal,1.4623398273755142,0.5482786124527048,1804,3,2,False,False,"[0.5270877339493598, 0.5694694909560498]"
5,10.0,Cortex,D1,endothelial+stromal,1.8029238331323438,0.8503384495249167,813,3,2,False,False,"[0.5985913078208541, 1.1020855912289793]"
5,10.0,Cortex,D1,immune,1.6632136912841686,0.7339735393710143,501,3,2,False,False,"[0.5763938062003391, 0.8915532725416896]"
5,10.0,Cortex,D1,immune+stromal,2.9442683787549093,1.5579091833010246,355,3,2,False,False,"[1.2013597785488415, 1.9144585880532077]"
5,10.0,Cortex,D1,none,1.5773429015035638,0.6574963243786971,1463,3,2,False,False,"[0.5357666961513271, 0.779225952606067]"
5,10.0,Cortex,D1,stromal,1.7490540495596945,0.8065748723509842,340,3,2,False,False,"[0.841820353307303, 0.7713293913946655]"
5,10.0,Cortex,D3,endothelial,1.8582095550170166,0.8939132072836876,1055,3,2,False,False,"[0.9712506947397259, 0.8165757198276493]"
5,10.0,Cortex,D3,endothelial+immune,1.836376309090558,0.8768617252166994,704,3,2,False,False,"[0.5515590818922038, 1.202164368541195]"
5,10.0,Cortex,D3,endothelial+immune+stromal,1.3957008365742065,0.4809897382211877,2436,3,2,False,False,"[0.508812891606471, 0.45316658483590433]"
5,10.0,Cortex,D3,endothelial+stromal,2.2949444767607194,1.1984592499044635,746,3,2,False,False,"[1.6894471672085927, 0.7074713326003343]"
5,10.0,Cortex,D3,immune,3.1121152903099016,1.6378955068785528,301,3,2,False,False,"[1.958108786495495, 1.3176822272616107]"
5,10.0,Cortex,D3,immune+stromal,3.6708735644795927,1.876123424696361,452,3,2,False,False,"[2.0102464098306703, 1.7420004395620514]"
5,10.0,Cortex,D3,none,2.057855512618643,1.0411416904212234,1245,3,2,False,False,"[1.1539829977836753, 0.9283003830587717]"
5,10.0,Cortex,D3,stromal,3.9229029518056007,1.9719216452083734,260,3,2,False,False,"[3.205715948376749, 0.7381273420399981]"
5,10.0,Cortex,D7,endothelial,3.2517770468258647,1.701228344600744,759,3,2,False,False,"[1.212144381077329, 2.190312308124159]"
5,10.0,Cortex,D7,endothelial+immune,2.4345749104298027,1.2836698921629661,548,3,2,False,False,"[0.8395951923797196, 1.7277445919462127]"
5,10.0,Cortex,D7,endothelial+immune+stromal,1.4325054508663269,0.5185406286316439,3173,3,2,False,False,"[0.45463575982811677, 0.5824454974351708]"
5,10.0,Cortex,D7,endothelial+stromal,4.366702013431091,2.1265440840347383,393,3,2,False,False,"[1.409866358703328, 2.843221809366149]"
5,10.0,Cortex,D7,immune,2.7033097165628415,1.4347268100420458,248,3,2,False,False,"[1.1090452925322996, 1.7604083275517923]"
5,10.0,Cortex,D7,immune+stromal,3.0028728515619343,1.5863433892125598,895,3,2,False,False,"[1.8122213622497507, 1.360465416175369]"
5,10.0,Cortex,D7,none,2.8741310263389637,1.5231258331037374,1111,3,2,False,False,"[1.4610815250234026, 1.5851701411840724]"
5,10.0,Cortex,D7,stromal,3.937957911713647,1.9774476920199426,142,3,2,False,False,"[1.7046128856149392, 2.250282498424946]"
5,10.0,Cortex,Sham,endothelial,1.6150699822770787,0.6915966794062925,951,3,2,False,False,"[0.7294684208066018, 0.6537249380059833]"
5,10.0,Cortex,Sham,endothelial+immune,1.3104782091931584,0.39009336453978394,637,3,2,False,False,"[0.35152745923708706, 0.4286592698424809]"
5,10.0,Cortex,Sham,endothelial+immune+stromal,1.704831434857684,0.7696290998845818,1440,3,2,False,False,"[0.7655514518550135, 0.7737067479141501]"
5,10.0,Cortex,Sham,endothelial+stromal,1.637257495212261,0.7112812355884512,596,3,2,False,False,"[0.7799737319247328, 0.6425887392521697]"
5,10.0,Cortex,Sham,immune,1.6602348470130979,0.7313873311245,658,3,2,False,False,"[0.6232023784280645, 0.8395722838209357]"
5,10.0,Cortex,Sham,immune+stromal,2.014519799809517,1.0104359851572107,617,3,2,False,False,"[0.981794820986866, 1.0390771493275555]"
5,10.0,Cortex,Sham,none,1.334504291801858,0.41630394523357034,1915,3,2,False,False,"[0.44950257091400725, 0.3831053195531334]"
5,10.0,Cortex,Sham,stromal,1.7447139510105174,0.8029905233766681,385,3,2,False,False,"[0.8476618881862668, 0.7583191585670696]"
5,10.0,Medulla,D1,endothelial,1.6660513236177477,0.73643284439392,960,3,2,False,False,"[0.6746252113048947, 0.7982404774829452]"
5,10.0,Medulla,D1,endothelial+immune,1.9626145556414683,0.9727768649762281,524,3,2,False,False,"[0.9516308410557971, 0.9939228888966591]"
5,10.0,Medulla,D1,endothelial+immune+stromal,1.4576335741361266,0.5436280946874616,1861,3,2,False,False,"[0.6459844943516551, 0.44127169502326835]"
5,10.0,Medulla,D1,endothelial+stromal,1.5441182510124778,0.6267832406997114,1119,3,2,False,False,"[0.6037191626070216, 0.6498473187924012]"
5,10.0,Medulla,D1,immune,2.3100418120556103,1.2079189648445177,373,3,2,False,False,"[1.3090263025887363, 1.106811627100299]"
5,10.0,Medulla,D1,immune+stromal,2.954901910483521,1.563110240180214,560,3,2,False,False,"[1.3367937992424952, 1.7894266811179325]"
5,10.0,Medulla,D1,none,1.7651966180599683,0.8198288883698939,1428,3,2,False,False,"[0.8136466399759723, 0.8260111367638155]"
5,10.0,Medulla,D1,stromal,2.1357932743984134,1.0947720138637902,479,3,2,False,False,"[1.388296798286857, 0.8012472294407234]"
5,10.0,Medulla,D3,endothelial,1.7879020162310506,0.8382676735620418,989,3,2,False,False,"[0.8770384947414012, 0.7994968523826823]"
5,10.0,Medulla,D3,endothelial+immune,1.9929659695583009,0.9949170759729388,626,3,2,False,False,"[1.017879872653266, 0.9719542792926115]"
5,10.0,Medulla,D3,endothelial+immune+stromal,1.3409879994859941,0.42329632660889577,2135,3,2,False,False,"[0.4092749418521444, 0.4373177113656471]"
5,10.0,Medulla,D3,endothelial+stromal,1.5747999926053762,0.6551686108352793,802,3,2,False,False,"[0.6826344333455692, 0.6277027883249895]"
5,10.0,Medulla,D3,immune,2.682003701097712,1.4233112281266638,367,3,2,False,False,"[1.2713440340665993, 1.5752784221867282]"
5,10.0,Medulla,D3,immune+stromal,2.7770449186973263,1.4735505129355746,584,3,2,False,False,"[1.1383826898338183, 1.808718336037331]"
5,10.0,Medulla,D3,none,1.8125342657729353,0.8580082693860002,1295,3,2,False,False,"[0.6835290837935746, 1.0324874549784258]"
5,10.0,Medulla,D3,stromal,2.66238356589032,1.4127184332875142,409,3,2,False,False,"[0.7701307612337962, 2.055306105341232]"
5,10.0,Medulla,D7,endothelial,2.4393761202584443,1.286512220207268,901,3,2,False,False,"[1.156044077379349, 1.4169803630351874]"
5,10.0,Medulla,D7,endothelial+immune,2.287712507289774,1.1939057626199805,1011,3,2,False,False,"[1.1977406455996258, 1.1900708796403354]"
5,10.0,Medulla,D7,endothelial+immune+stromal,1.46921560483538,0.5550461244187033,2470,3,2,False,False,"[0.4914644636952744, 0.6186277851421322]"
5,10.0,Medulla,D7,endothelial+stromal,2.8774330165171773,1.5247823443911184,471,3,2,False,False,"[1.0867577093606158, 1.962806979421621]"
5,10.0,Medulla,D7,immune,2.7051471100111493,1.435707052134389,462,3,2,False,False,"[1.075274668608401, 1.7961394356603775]"
5,10.0,Medulla,D7,immune+stromal,2.732316763837858,1.450124748315712,852,3,2,False,False,"[1.3024953086544988, 1.5977541879769253]"
5,10.0,Medulla,D7,none,2.3502837758597965,1.232834959900416,1011,3,2,False,False,"[1.069584077762396, 1.3960858420384363]"
5,10.0,Medulla,D7,stromal,3.8951643180074362,1.9616841898464226,249,3,2,False,False,"[1.3624368603956585, 2.5609315192971867]"
5,10.0,Medulla,Sham,endothelial,1.8219731454839454,0.8655016950550808,1081,3,2,False,False,"[1.1833365934614408, 0.5476667966487208]"
5,10.0,Medulla,Sham,endothelial+immune,1.8405445359298502,0.8801326592507843,535,3,2,False,False,"[1.3114343821471997, 0.448830936354369]"
5,10.0,Medulla,Sham,endothelial+immune+stromal,1.6112117369532106,0.6881460978804472,1514,3,2,False,False,"[0.8723930077023963, 0.5038991880584982]"
5,10.0,Medulla,Sham,endothelial+stromal,1.600829110133173,0.6788193071532185,838,3,2,False,False,"[0.8269015265783463, 0.5307370877280908]"
5,10.0,Medulla,Sham,immune,1.9400517563403843,0.9560951408761146,505,3,2,False,False,"[1.1738551490373592, 0.73833513271487]"
5,10.0,Medulla,Sham,immune+stromal,2.068250367087625,1.0484108382120996,652,3,2,False,False,"[1.1503362316741617, 0.9464854447500375]"
5,10.0,Medulla,Sham,none,1.5734577501378713,0.653938440482593,1705,3,2,False,False,"[0.7930580769688537, 0.5148188039963323]"
5,10.0,Medulla,Sham,stromal,2.100654235946046,1.0708387164435365,546,3,2,False,False,"[1.2857029565908804, 0.8559744762961925]"
5,10.0,Pooled,D1,endothelial,1.522996054542493,0.6069122043994979,2115,6,2,False,False,"[0.47137854115742267, 0.7424458676415732]"
5,10.0,Pooled,D1,endothelial+immune,1.6875346138703957,0.7549170943098498,1249,6,2,False,False,"[0.6985615776043077, 0.8112726110153918]"
5,10.0,Pooled,D1,endothelial+immune+stromal,1.4392948217004502,0.5253621405421602,3665,6,2,False,False,"[0.5667199874167915, 0.48400429366752884]"
5,10.0,Pooled,D1,endothelial+stromal,1.625008203371486,0.7004470011770854,1932,6,2,False,False,"[0.6003005927495767, 0.8005934096045939]"
5,10.0,Pooled,D1,immune,1.9024146634907113,0.9278317402886169,874,6,2,False,False,"[0.8206046383298048, 1.0350588422474292]"
5,10.0,Pooled,D1,immune+stromal,2.905535774041015,1.538804217771542,915,6,2,False,False,"[1.2465044521133928, 1.831103983429691]"
5,10.0,Pooled,D1,none,1.646502508280583,0.7194047097353875,2891,6,2,False,False,"[0.6283933440928755, 0.8104160753778994]"
5,10.0,Pooled,D1,stromal,1.8759571732346487,0.9076268925295959,819,6,2,False,False,"[1.0239791683004877, 0.7912746167587041]"
5,10.0,Pooled,D3,endothelial,1.8146139600196611,0.8596626627100848,2044,6,2,False,False,"[0.9084425614075095, 0.8108827640126602]"
5,10.0,Pooled,D3,endothelial+immune,1.991607896424153,0.993933640595623,1330,6,2,False,False,"[0.8624396090662453, 1.1254276721250005]"
5,10.0,Pooled,D3,endothelial+immune+stromal,1.361473538675224,0.44516894272470264,4571,6,2,False,False,"[0.44245425843691993, 0.4478836270124853]"
5,10.0,Pooled,D3,endothelial+stromal,1.8019515833692406,0.8495602479042316,1548,6,2,False,False,"[1.018238677966577, 0.6808818178418861]"
5,10.0,Pooled,D3,immune,2.735693534929228,1.4519066218897736,668,6,2,False,False,"[1.5002656182095644, 1.403547625569983]"
5,10.0,Pooled,D3,immune+stromal,3.024343135861918,1.5966218341099565,1036,6,2,False,False,"[1.4290039298327688, 1.7642397383871444]"
5,10.0,Pooled,D3,none,1.8682509178479074,0.9016882310777989,2540,6,2,False,False,"[0.8403470551236082, 0.9630294070319897]"
5,10.0,Pooled,D3,stromal,2.6019436354525913,1.3795897100442616,669,6,2,False,False,"[1.581992490281447, 1.177186929807076]"
5,10.0,Pooled,D7,endothelial,2.7021372938986907,1.4341009789547567,1660,6,2,False,False,"[1.193444279844669, 1.6747576780648448]"
5,10.0,Pooled,D7,endothelial+immune,2.240990029760762,1.1641362302643248,1559,6,2,False,False,"[0.9589770101196883, 1.3692954504089612]"
5,10.0,Pooled,D7,endothelial+immune+stromal,1.4506902490908946,0.5367395085118238,5643,6,2,False,False,"[0.46691199445050263, 0.6065670225731451]"
5,10.0,Pooled,D7,endothelial+stromal,3.432407953967417,1.7792210324961104,864,6,2,False,False,"[1.3021634755890907, 2.2562785894031303]"
5,10.0,Pooled,D7,immune,2.7151064120486383,1.4410087420909246,710,6,2,False,False,"[1.097788417891, 1.784229066290849]"
5,10.0,Pooled,D7,immune+stromal,2.9907043628890997,1.58048530421387,1747,6,2,False,False,"[1.6423126777180002, 1.5186579307097396]"
5,10.0,Pooled,D7,none,2.6296087440782294,1.3948481588450243,2122,6,2,False,False,"[1.3305823759364004, 1.4591139417536485]"
5,10.0,Pooled,D7,stromal,4.067008562268512,2.023968028107476,391,6,2,False,False,"[1.5905542105418455, 2.4573818456731065]"
5,10.0,Pooled,Sham,endothelial,1.6608118712916666,0.7318886610630115,2032,6,2,False,False,"[0.8807578116915482, 0.583019510434475]"
5,10.0,Pooled,Sham,endothelial+immune,1.4710045821119484,0.5568017405287655,1172,6,2,False,False,"[0.671496433540458, 0.44210704751707297]"
5,10.0,Pooled,Sham,endothelial+immune+stromal,1.621692372054411,0.6975001725739283,2954,6,2,False,False,"[0.8011653038041411, 0.5938350413437155]"
5,10.0,Pooled,Sham,endothelial+stromal,1.6041606743906733,0.6818186508560272,1434,6,2,False,False,"[0.7956163301426039, 0.5680209715694505]"
5,10.0,Pooled,Sham,immune,1.7283759673540615,0.7894170758573607,1163,6,2,False,False,"[0.806753301964496, 0.7720808497502252]"
5,10.0,Pooled,Sham,immune+stromal,2.0106504872141517,1.0076623187459206,1269,6,2,False,False,"[1.0379752912159645, 0.9773493462758768]"
5,10.0,Pooled,Sham,none,1.431440487384836,0.5174676910571111,3620,6,2,False,False,"[0.5640210729322894, 0.4709143091819327]"
5,10.0,Pooled,Sham,stromal,1.8771567692000157,0.9085491406871449,931,6,2,False,False,"[0.9936755776544713, 0.8234227037198183]"
5,20.0,Cortex,D1,endothelial,1.3442109515384006,0.42675956286118144,220,3,2,False,False,"[0.12454981975644996, 0.7289693059659129]"
5,20.0,Cortex,D1,endothelial+immune,1.003518244128673,0.005066845374872897,126,3,2,False,False,"[-0.3514645495676374, 0.3615982403173832]"
5,20.0,Cortex,D1,endothelial+immune+stromal,1.106440932176292,0.1459264343011764,524,3,2,False,False,"[0.1165736277024314, 0.1752792408999214]"
5,20.0,Cortex,D1,endothelial+stromal,1.6644302666426565,0.7350284282575343,137,3,2,False,False,"[0.6265567167566932, 0.8435001397583755]"
5,20.0,Cortex,D1,immune,1.3883089890143225,0.47332869710046616,93,3,2,False,False,"[0.11765682413767195, 0.8290005700632603]"
5,20.0,Cortex,D1,immune+stromal,1.6004405974464462,0.6784691302669112,78,3,2,False,False,"[0.0991968594419278, 1.2577414010918946]"
5,20.0,Cortex,D1,none,1.1181882312820843,0.1611630660695078,462,3,2,False,False,"[0.0015257254107238494, 0.32080040672829174]"
5,20.0,Cortex,D1,stromal,1.6811984300213665,0.7494900143497016,80,3,2,False,False,"[0.5444485765522837, 0.9545314521471194]"
5,20.0,Cortex,D3,endothelial,1.5019391732315814,0.5868263865844727,228,3,2,False,False,"[0.747103562003108, 0.4265492111658374]"
5,20.0,Cortex,D3,endothelial+immune,1.2735355191619127,0.34883919722824264,122,3,2,False,False,"[0.6277162616983541, 0.0699621327581311]"
5,20.0,Cortex,D3,endothelial+immune+stromal,1.040523224675458,0.05730916665919214,728,3,2,False,False,"[0.11201444988942849, 0.0026038834289557923]"
5,20.0,Cortex,D3,endothelial+stromal,1.0131310462428191,0.018820795596983436,146,3,2,False,False,"[-0.2581707299991026, 0.2958123211930695]"
5,20.0,Cortex,D3,immune,,,38,3,1,False,True,[0.5509006646475233]
5,20.0,Cortex,D3,immune+stromal,2.300080599231809,1.2016844168542886,95,3,2,False,False,"[0.8728287595348856, 1.5305400741736919]"
5,20.0,Cortex,D3,none,1.1477329730008654,0.19878702934984346,285,3,2,False,False,"[0.41268452293254887, -0.015110464232861942]"
5,20.0,Cortex,D3,stromal,2.791458443118855,1.4810190786499733,62,3,2,False,False,"[2.4719493232527014, 0.49008883404724524]"
5,20.0,Cortex,D7,endothelial,2.879516730228366,1.525826704234884,180,3,2,False,False,"[1.010511096226506, 2.041142312243262]"
5,20.0,Cortex,D7,endothelial+immune,2.0038233031934,1.0027552975322847,97,3,2,False,False,"[1.304957391863144, 0.7005532032014252]"
5,20.0,Cortex,D7,endothelial+immune+stromal,1.2151981436986559,0.281191571135329,941,3,2,False,False,"[0.17618595164782824, 0.38619719062282976]"
5,20.0,Cortex,D7,endothelial+stromal,5.440728787981563,2.443799914046334,91,3,2,False,False,"[1.786061801630606, 3.1015380264620624]"
5,20.0,Cortex,D7,immune,,,47,3,1,False,True,[0.5819641725739376]
5,20.0,Cortex,D7,immune+stromal,2.90841995496965,1.5402355991091528,189,3,2,False,False,"[1.958755289818613, 1.1217159083996926]"
5,20.0,Cortex,D7,none,1.8960055639680347,0.9229631979372865,210,3,2,False,False,"[0.8072839890235756, 1.0386424068509976]"
5,20.0,Cortex,D7,stromal,,,21,3,0,False,True,[]
5,20.0,Cortex,Sham,endothelial,1.3043290838004964,0.3833079091930402,240,3,2,False,False,"[0.5641868356482229, 0.2024289827378575]"
5,20.0,Cortex,Sham,endothelial+immune,1.1063728066604093,0.14583760229310622,128,3,2,False,False,"[0.38794907471084916, -0.09627387012463676]"
5,20.0,Cortex,Sham,endothelial+immune+stromal,1.1998404889721026,0.262842621612875,452,3,2,False,False,"[0.3954309626556787, 0.13025428057007138]"
5,20.0,Cortex,Sham,endothelial+stromal,1.6479177526530848,0.7206442396081643,95,3,2,False,False,"[0.6952882837985401, 0.7460001954177884]"
5,20.0,Cortex,Sham,immune,1.512404212019392,0.596843772323944,102,3,2,False,False,"[0.7657462121384065, 0.4279413325094815]"
5,20.0,Cortex,Sham,immune+stromal,1.8430197281001015,0.8820715139853663,123,3,2,False,False,"[0.5650203859571319, 1.1991226420136007]"
5,20.0,Cortex,Sham,none,1.0815825840599667,0.11314382624770392,494,3,2,False,False,"[0.0686553896174739, 0.15763226287793392]"
5,20.0,Cortex,Sham,stromal,2.1044027175061295,1.073410818200967,76,3,2,False,False,"[0.8363378854406287, 1.310483750961305]"
5,20.0,Medulla,D1,endothelial,1.0584225175016626,0.08191565979651522,140,3,2,False,False,"[-0.6221416233233761, 0.7859729429164065]"
5,20.0,Medulla,D1,endothelial+immune,1.4710310993246118,0.5568277471822198,84,3,2,False,False,"[0.08829238809370564, 1.025363106270734]"
5,20.0,Medulla,D1,endothelial+immune+stromal,1.2931532989855308,0.3708933119436614,551,3,2,False,False,"[0.5411203274413174, 0.20066629644600537]"
5,20.0,Medulla,D1,endothelial+stromal,1.5131341928330044,0.5975399391407258,192,3,2,False,False,"[0.7170480104387797, 0.47803186784267176]"
5,20.0,Medulla,D1,immune,1.5626559820101944,0.6440002046488991,113,3,2,False,False,"[0.602513297451835, 0.6854871118459632]"
5,20.0,Medulla,D1,immune+stromal,2.005729790354059,1.0041272607986698,145,3,2,False,False,"[0.7806436703617848, 1.2276108512355546]"
5,20.0,Medulla,D1,none,1.280034534915321,0.3561827341932099,431,3,2,False,False,"[0.6707660525894114, 0.041599415797008384]"
5,20.0,Medulla,D1,stromal,1.5210031081974724,0.6050231012389369,117,3,2,False,False,"[0.8754842708316035, 0.3345619316462701]"
5,20.0,Medulla,D3,endothelial,1.5182470378718,0.6024065544658828,164,3,2,False,False,"[0.5517714410064124, 0.6530416679253531]"
5,20.0,Medulla,D3,endothelial+immune,1.5067701323441638,0.5914593411414887,161,3,2,False,False,"[0.7799540153047086, 0.40296466697826877]"
5,20.0,Medulla,D3,endothelial+immune+stromal,1.0673240676150944,0.09399828277594562,565,3,2,False,False,"[0.04736011472958229, 0.14063645082230894]"
5,20.0,Medulla,D3,endothelial+stromal,1.996859891855099,0.9977331107403553,137,3,2,False,False,"[1.1259895875153092, 0.8694766339654015]"
5,20.0,Medulla,D3,immune,2.2411507796407886,1.1642397134277054,89,3,2,False,False,"[1.0129776011274814, 1.3155018257279294]"
5,20.0,Medulla,D3,immune+stromal,0.555489410524552,-0.8481686855760235,131,3,2,False,False,"[0.936023179784848, -2.632360550936895]"
5,20.0,Medulla,D3,none,1.3211668806550092,0.40181270934577507,330,3,2,False,False,"[0.2571100821219024, 0.5465153365696478]"
5,20.0,Medulla,D3,stromal,1.8204926952527452,0.8643289519640909,90,3,2,False,False,"[0.8870872665326643, 0.8415706373955173]"
5,20.0,Medulla,D7,endothelial,2.063126153222957,1.0448320398694175,223,3,2,False,False,"[0.5701980615865919, 1.5194660181522432]"
5,20.0,Medulla,D7,endothelial+immune,2.147517147684965,1.1026696511687646,244,3,2,False,False,"[1.0101355627390123, 1.195203739598517]"
5,20.0,Medulla,D7,endothelial+immune+stromal,1.2758369809095391,0.3514440016277456,667,3,2,False,False,"[0.2591091773269747, 0.44377882592851653]"
5,20.0,Medulla,D7,endothelial+stromal,2.379511006676544,1.250665127850345,134,3,2,False,False,"[0.9070170498216411, 1.5943132058790486]"
5,20.0,Medulla,D7,immune,2.5512189523447577,1.3511867201503793,100,3,2,False,False,"[0.9582112087325557, 1.7441622315682028]"
5,20.0,Medulla,D7,immune+stromal,2.3221703116905967,1.2154737856491753,183,3,2,False,False,"[1.2438301949366417, 1.1871173763617087]"
5,20.0,Medulla,D7,none,1.617838249404315,0.694067375105771,220,3,2,False,False,"[0.4786017081576279, 0.909533042053914]"
5,20.0,Medulla,D7,stromal,3.31283814647804,1.7280677201779047,54,3,2,False,False,"[1.532088265934368, 1.9240471744214416]"
5,20.0,Medulla,Sham,endothelial,1.3653756868847273,0.44929796728583465,202,3,2,False,False,"[0.38258979052907616, 0.5160061440425932]"
5,20.0,Medulla,Sham,endothelial+immune,1.6005607314723196,0.6785774193587557,118,3,2,False,False,"[1.1244796286894836, 0.23267521002802793]"
5,20.0,Medulla,Sham,endothelial+immune+stromal,1.3084285271506468,0.38783511938667037,411,3,2,False,False,"[0.4059536280479601, 0.36971661072538065]"
5,20.0,Medulla,Sham,endothelial+stromal,1.92177435075644,0.9424389489336807,162,3,2,False,False,"[1.3177682402270665, 0.567109657640295]"
5,20.0,Medulla,Sham,immune,1.8211143240365157,0.8648214931787691,113,3,2,False,False,"[0.8334373657484473, 0.8962056206090909]"
5,20.0,Medulla,Sham,immune+stromal,1.49476760511455,0.5799212028110781,131,3,2,False,False,"[0.7496057749449768, 0.4102366306771793]"
5,20.0,Medulla,Sham,none,1.2897093709206713,0.3670459986948749,538,3,2,False,False,"[0.5519675640420343, 0.18212443334771558]"
5,20.0,Medulla,Sham,stromal,0.9702308492131527,-0.043600043061009175,116,3,2,False,False,"[0.7743062155733009, -0.8615063016953193]"
5,20.0,Pooled,D1,endothelial,1.2494664827863322,0.321312201331375,360,6,2,False,False,"[-0.12434732793682539, 0.7669717305995754]"
5,20.0,Pooled,D1,endothelial+immune,1.2308155908420073,0.2996146236362137,210,6,2,False,False,"[-0.20487890368052306, 0.8041081509529505]"
5,20.0,Pooled,D1,endothelial+immune+stromal,1.1688959955755331,0.2251465694396854,1075,6,2,False,False,"[0.25808919428206006, 0.19220394459731072]"
5,20.0,Pooled,D1,endothelial+stromal,1.545729158248498,0.6282875532326475,329,6,2,False,False,"[0.6567204813173887, 0.5998546251479063]"
5,20.0,Pooled,D1,immune,1.432226577998765,0.5182597447651691,206,6,2,False,False,"[0.27927564857572634, 0.7572438409546118]"
5,20.0,Pooled,D1,immune+stromal,1.7195130703804462,0.782000082134774,223,6,2,False,False,"[0.32634579641521344, 1.2376543678543346]"
5,20.0,Pooled,D1,none,1.132598185483238,0.1796361236221946,893,6,2,False,False,"[0.22460583447028637, 0.13466641277410282]"
5,20.0,Pooled,D1,stromal,1.513623217225648,0.5980061232293051,197,6,2,False,False,"[0.6547938079787237, 0.5412184384798866]"
5,20.0,Pooled,D3,endothelial,1.473722019833864,0.5594644223788268,392,6,2,False,False,"[0.6168821480053109, 0.5020466967523426]"
5,20.0,Pooled,D3,endothelial+immune,1.3708640811758062,0.4550855374670504,283,6,2,False,False,"[0.7292080974359237, 0.180962977498177]"
5,20.0,Pooled,D3,endothelial+immune+stromal,1.041572417680516,0.05876314950480226,1293,6,2,False,False,"[0.06891155978286435, 0.04861473922674017]"
5,20.0,Pooled,D3,endothelial+stromal,1.490522637798934,0.5758182868971761,283,6,2,False,False,"[0.6646028150105053, 0.48703375878384686]"
5,20.0,Pooled,D3,immune,2.1246524879156126,1.0872268906810456,127,6,2,False,False,"[0.8589519556341619, 1.3155018257279294]"
5,20.0,Pooled,D3,immune+stromal,1.4428611302563112,0.5289324527525118,226,6,2,False,False,"[0.9149583730348606, 0.14290653247016297]"
5,20.0,Pooled,D3,none,1.1814292062493927,0.24053318254671294,615,6,2,False,False,"[0.30896822905878457, 0.1720981360346413]"
5,20.0,Pooled,D3,stromal,2.0157434399059855,1.0113120269680063,152,6,2,False,False,"[1.4153746187726768, 0.607249435163336]"
5,20.0,Pooled,D7,endothelial,2.425948796534048,1.2785491004312255,403,6,2,False,False,"[0.863740084679868, 1.6933581161825828]"
5,20.0,Pooled,D7,endothelial+immune,2.171213864159651,1.11850183814396,341,6,2,False,False,"[1.2066834488217668, 1.0303202274661531]"
5,20.0,Pooled,D7,endothelial+immune+stromal,1.243327177784098,0.31420598718374904,1608,6,2,False,False,"[0.2038270268742104, 0.4245849474932876]"
5,20.0,Pooled,D7,endothelial+stromal,3.469876179234643,1.7948841818838353,225,6,2,False,False,"[1.493046884360951, 2.0967214794067197]"
5,20.0,Pooled,D7,immune,2.230685373974854,1.1574870436513351,147,6,2,False,False,"[0.9582112087325557, 1.3567628785701145]"
5,20.0,Pooled,D7,immune+stromal,2.71863393668821,1.4428819059494962,372,6,2,False,False,"[1.7204469248579557, 1.1653168870410366]"
5,20.0,Pooled,D7,none,1.771714771330158,0.8251463628606008,430,6,2,False,False,"[0.6977232287349263, 0.9525694969862754]"
5,20.0,Pooled,D7,stromal,3.31283814647804,1.7280677201779047,75,6,2,False,False,"[1.532088265934368, 1.9240471744214416]"
5,20.0,Pooled,Sham,endothelial,1.3732244556104625,0.45756745544142763,442,6,2,False,False,"[0.5036544872751739, 0.4114804236076813]"
5,20.0,Pooled,Sham,endothelial+immune,1.299757417088332,0.37824238800710014,246,6,2,False,False,"[0.6334592593703939, 0.12302551664380638]"
5,20.0,Pooled,Sham,endothelial+immune+stromal,1.2696379669135285,0.3444171758966917,863,6,2,False,False,"[0.39893851778643913, 0.28989583400694424]"
5,20.0,Pooled,Sham,endothelial+stromal,1.699088170211597,0.7647607197537543,257,6,2,False,False,"[0.902781602608049, 0.6267398368994596]"
5,20.0,Pooled,Sham,immune,1.705097996051595,0.7698546567596574,215,6,2,False,False,"[0.799591788943427, 0.7401175245758878]"
5,20.0,Pooled,Sham,immune+stromal,1.5690308751352722,0.6498737417045333,254,6,2,False,False,"[0.6265488489530802, 0.6731986344559865]"
5,20.0,Pooled,Sham,none,1.1501802037004327,0.20185991214172455,1032,6,2,False,False,"[0.22975944775899404, 0.17396037652445503]"
5,20.0,Pooled,Sham,stromal,1.264945758121925,0.33907552233753746,192,6,2,False,False,"[0.8156606621515193, -0.13750961747644444]"
5,40.0,Cortex,D1,endothelial,1.2627938962641194,0.3366191924892505,31,3,2,False,False,"[0.0823993179206755, 0.5908390670578255]"
5,40.0,Cortex,D1,endothelial+immune,,,14,3,2,True,False,"[-1.8415991353567993, 0.6205864104518775]"
5,40.0,Cortex,D1,endothelial+immune+stromal,0.9619481578114095,-0.05596894983564612,154,3,2,False,False,"[-0.02520417770548848, -0.08673372196580376]"
5,40.0,Cortex,D1,endothelial+stromal,2.0679979169755915,1.0482347324756243,30,3,2,False,False,"[1.5548343958941928, 0.5416350690570556]"
5,40.0,Cortex,D1,immune,,,6,3,1,True,True,[2.450661409009565]
5,40.0,Cortex,D1,immune+stromal,,,7,2,0,True,True,[]
5,40.0,Cortex,D1,none,0.7120323730815225,-0.48998525900126855,95,3,2,False,False,"[-0.2746269030095559, -0.7053436149929811]"
5,40.0,Cortex,D1,stromal,,,12,3,0,True,True,[]
5,40.0,Cortex,D3,endothelial,0.7627278995956908,-0.3907596222540282,28,3,2,False,False,"[-1.6844981742720706, 0.9029789297640142]"
5,40.0,Cortex,D3,endothelial+immune,,,26,3,1,False,True,[-0.8771432522144663]
5,40.0,Cortex,D3,endothelial+immune+stromal,1.031558184170554,0.04482519751807922,163,3,2,False,False,"[0.09809625706123976, -0.00844586202508131]"
5,40.0,Cortex,D3,endothelial+stromal,,,21,3,1,False,True,[0.6521186125085681]
5,40.0,Cortex,D3,immune,,,13,3,1,True,True,[0.8024000401148393]
5,40.0,Cortex,D3,immune+stromal,,,11,3,2,True,False,"[1.485426827170242, 1.446256229889564]"
5,40.0,Cortex,D3,none,0.8707983666503243,-0.19958939341049312,77,3,2,False,False,"[-0.2044705133391853, -0.19470827348180092]"
5,40.0,Cortex,D3,stromal,,,12,3,1,True,True,[1.9061920643437307]
5,40.0,Cortex,D7,endothelial,1.605978729768011,0.6834527853450032,41,3,2,False,False,"[0.6081760022321441, 0.7587295684578624]"
5,40.0,Cortex,D7,endothelial+immune,,,8,3,1,True,True,[0.976730220677153]
5,40.0,Cortex,D7,endothelial+immune+stromal,1.246716406145307,0.31813332885781864,167,3,2,False,False,"[0.1243003259170849, 0.5119663317985523]"
5,40.0,Cortex,D7,endothelial+stromal,3.7011650313829136,1.8879794654542752,22,3,2,False,False,"[1.3536369546147007, 2.4223219762938495]"
5,40.0,Cortex,D7,immune,,,9,3,1,True,True,[1.6205864104518775]
5,40.0,Cortex,D7,immune+stromal,1.4894518119340892,0.5747814489930791,68,3,2,False,False,"[0.4576648380065046, 0.6918980599796537]"
5,40.0,Cortex,D7,none,1.3872228074257835,0.4721995233159712,60,3,2,False,False,"[0.07019226075414373, 0.8742067858777987]"
5,40.0,Cortex,D7,stromal,,,4,2,0,True,True,[]
5,40.0,Cortex,Sham,endothelial,1.1657362361281485,0.2212413958481789,38,3,2,False,False,"[0.33628338786443235, 0.10619940383192543]"
5,40.0,Cortex,Sham,endothelial+immune,,,17,3,0,True,True,[]
5,40.0,Cortex,Sham,endothelial+immune+stromal,0.873178138713477,-0.19565208407820184,123,3,2,False,False,"[-0.1251932879029156, -0.26611088025348806]"
5,40.0,Cortex,Sham,endothelial+stromal,,,16,3,1,True,True,[-0.3677317845004871]
5,40.0,Cortex,Sham,immune,,,13,3,0,True,True,[]
5,40.0,Cortex,Sham,immune+stromal,,,18,3,1,True,True,[0.29260752121714095]
5,40.0,Cortex,Sham,none,0.8896481237670661,-0.16869326496187054,106,3,2,False,False,"[-0.42121812072721176, 0.0838315908034707]"
5,40.0,Cortex,Sham,stromal,,,9,1,1,True,True,[0.18371195317238806]
5,40.0,Medulla,D1,endothelial,,,25,3,1,False,True,[0.8713962414586719]
5,40.0,Medulla,D1,endothelial+immune,,,17,3,1,True,True,[1.0817940911636474]
5,40.0,Medulla,D1,endothelial+immune+stromal,1.2382567106387925,0.30831043957040777,123,3,2,False,False,"[0.47411151394240747, 0.14250936519840804]"
5,40.0,Medulla,D1,endothelial+stromal,1.5280513239203097,0.6116930011758833,35,3,2,False,False,"[0.9404382419181058, 0.2829477604336609]"
5,40.0,Medulla,D1,immune,,,4,2,2,True,False,"[3.6667565918848037, 3.6667565918848037]"
5,40.0,Medulla,D1,immune+stromal,,,18,3,1,True,True,[1.326906589000179]
5,40.0,Medulla,D1,none,1.0536788514259774,0.07543521796654828,127,3,2,False,False,"[0.18639913439295827, -0.035528698459861716]"
5,40.0,Medulla,D1,stromal,1.0701656123562477,0.09783407666060834,24,3,2,False,False,"[-0.392137097168765, 0.5878052504899817]"
5,40.0,Medulla,D3,endothelial,2.07014281545993,1.0497303001151816,30,3,2,False,False,"[0.7127180479195286, 1.3867425523108348]"
5,40.0,Medulla,D3,endothelial+immune,,,16,3,2,True,False,"[-0.0831412353002457, -0.2566366346356432]"
5,40.0,Medulla,D3,endothelial+immune+stromal,0.9424145709281552,-0.08556624964589767,154,3,2,False,False,"[-0.157791687201688, -0.01334081209010733]"
5,40.0,Medulla,D3,endothelial+stromal,1.737370613092419,0.7969055402531133,30,3,2,False,False,"[0.09556021297840112, 1.4982508675278254]"
5,40.0,Medulla,D3,immune,,,4,3,0,True,True,[]
5,40.0,Medulla,D3,immune+stromal,,,15,3,1,True,True,[0.045442970761167115]
5,40.0,Medulla,D3,none,0.9660871181557995,-0.04977480306826791,80,3,2,False,False,"[-0.004275959439781089, -0.09527364669675474]"
5,40.0,Medulla,D3,stromal,,,31,2,1,False,True,[1.0765704328091432]
5,40.0,Medulla,D7,endothelial,1.3631169054084442,0.44690929774139,69,3,2,False,False,"[0.006971960607709636, 0.8868466348750703]"
5,40.0,Medulla,D7,endothelial+immune,2.4988942404755434,1.321289844213663,33,3,2,False,False,"[0.973527788638809, 1.6690518997885169]"
5,40.0,Medulla,D7,endothelial+immune+stromal,1.050917440961162,0.07164933705054397,123,3,2,False,False,"[-0.2954558835261712, 0.4387545576272591]"
5,40.0,Medulla,D7,endothelial+stromal,2.1105328864698762,1.077607309644976,45,3,2,False,False,"[1.307428525192247, 0.847786094097705]"
5,40.0,Medulla,D7,immune,,,19,3,1,True,True,[2.769691932602432]
5,40.0,Medulla,D7,immune+stromal,2.1184900282984573,1.0830363379733527,24,3,2,False,False,"[1.0786098346963664, 1.0874628412503393]"
5,40.0,Medulla,D7,none,1.3910921257697317,0.4762179662425083,64,3,2,False,False,"[0.38856528791765277, 0.5638706445673638]"
5,40.0,Medulla,D7,stromal,1.8099663759951898,0.8559628964048493,31,3,2,False,False,"[1.5525410230287786, 0.1593847697809201]"
5,40.0,Medulla,Sham,endothelial,,,34,2,1,False,True,[0.021500816919317225]
5,40.0,Medulla,Sham,endothelial+immune,,,11,3,1,True,True,[0.6374299206152918]
5,40.0,Medulla,Sham,endothelial+immune+stromal,1.1861490154533283,0.2462852665034753,100,3,2,False,False,"[0.3328740309024281, 0.15969650210452246]"
5,40.0,Medulla,Sham,endothelial+stromal,1.0060964047999192,0.008768551726989371,23,3,2,False,False,"[-0.5493385909904348, 0.5668756944444135]"
5,40.0,Medulla,Sham,immune,,,16,3,2,True,False,"[0.4506614090095652, 2.9675785223076225]"
5,40.0,Medulla,Sham,immune+stromal,1.5972198067614587,0.6755628677293255,20,3,2,False,False,"[1.088091329624857, 0.2630344058337938]"
5,40.0,Medulla,Sham,none,1.0405824952932001,0.05739134357648129,161,3,2,False,False,"[0.13871740269482513, -0.023934715541862543]"
5,40.0,Medulla,Sham,stromal,2.1256451601663846,1.0879007838894907,26,3,2,False,False,"[1.3981939891154296, 0.777607578663552]"
5,40.0,Pooled,D1,endothelial,1.3473626857905985,0.430138250622866,56,6,2,False,False,"[0.0823993179206755, 0.7778771833250565]"
5,40.0,Pooled,D1,endothelial+immune,0.7094611342421197,-0.49520444227451843,31,6,2,False,False,"[-1.8415991353567993, 0.8511902508077624]"
5,40.0,Pooled,D1,endothelial+immune+stromal,1.0744994129057346,0.10366469449374047,277,6,2,False,False,"[0.14123438617714348, 0.06609500281033745]"
5,40.0,Pooled,D1,endothelial+stromal,1.7512761475886702,0.8084065911071375,65,6,2,False,False,"[1.2476363189061492, 0.3691768633081258]"
5,40.0,Pooled,D1,immune,,,10,5,2,True,False,"[3.6667565918848037, 3.0587090004471844]"
5,40.0,Pooled,D1,immune+stromal,,,25,5,1,False,True,[1.326906589000179]
5,40.0,Pooled,D1,none,0.8766811010859118,-0.18987594725647636,222,6,2,False,False,"[-0.12095155720871785, -0.25880033730423485]"
5,40.0,Pooled,D1,stromal,1.0701656123562477,0.09783407666060834,36,6,2,False,False,"[-0.392137097168765, 0.5878052504899817]"
5,40.0,Pooled,D3,endothelial,1.2219385231916424,0.28917170371834167,58,6,2,False,False,"[-0.485890063176271, 1.0642334706129544]"
5,40.0,Pooled,D3,endothelial+immune,0.7746467955992936,-0.3683894391964996,42,6,2,False,False,"[-0.48014224375735604, -0.2566366346356432]"
5,40.0,Pooled,D3,endothelial+immune+stromal,0.9717879113174849,-0.04128660891373437,317,6,2,False,False,"[-0.07249570578071209, -0.010077512046756651]"
5,40.0,Pooled,D3,endothelial+stromal,1.4288569173003982,0.5148614552466941,51,6,2,False,False,"[0.09556021297840112, 0.9341626975149872]"
5,40.0,Pooled,D3,immune,,,17,6,1,True,True,[0.8024000401148393]
5,40.0,Pooled,D3,immune+stromal,2.1522498462471593,1.1058455644276344,26,6,2,False,False,"[0.7654348989657046, 1.446256229889564]"
5,40.0,Pooled,D3,none,0.9225599458339548,-0.11628543764651736,157,6,2,False,False,"[-0.07100747740624917, -0.16156339788678553]"
5,40.0,Pooled,D3,stromal,2.8115802943269226,1.4913812485764368,43,5,2,False,False,"[1.0765704328091432, 1.9061920643437307]"
5,40.0,Pooled,D7,endothelial,1.543235034107164,0.6259578005466668,110,6,2,False,False,"[0.4077746550239993, 0.8441409460693343]"
5,40.0,Pooled,D7,endothelial+immune,2.500281359655496,1.3220904522232488,41,6,2,False,False,"[0.975129004657981, 1.6690518997885169]"
5,40.0,Pooled,D7,endothelial+immune+stromal,1.1677812366481257,0.22377003589351152,290,6,2,False,False,"[-0.015618410564000457, 0.4631584823510235]"
5,40.0,Pooled,D7,endothelial+stromal,2.5519181624938714,1.35158206403328,67,6,2,False,False,"[1.3305327399034739, 1.3726313881630865]"
5,40.0,Pooled,D7,immune,4.579338373154201,2.195139171527155,28,6,2,False,False,"[1.6205864104518775, 2.769691932602432]"
5,40.0,Pooled,D7,immune+stromal,1.7137580907808643,0.7771634770923941,92,6,2,False,False,"[0.6646465035697918, 0.8896804506149965]"
5,40.0,Pooled,D7,none,1.3396130301865008,0.4218163140730778,124,6,2,False,False,"[0.17631660314198006, 0.6673160250041755]"
5,40.0,Pooled,D7,stromal,1.8099663759951898,0.8559628964048493,35,5,2,False,False,"[1.5525410230287786, 0.1593847697809201]"
5,40.0,Pooled,Sham,endothelial,1.1431450970995138,0.19300853354397615,72,5,2,False,False,"[0.33628338786443235, 0.049733679223519955]"
5,40.0,Pooled,Sham,endothelial+immune,,,28,6,1,False,True,[0.6374299206152918]
5,40.0,Pooled,Sham,endothelial+immune+stromal,1.015808367621913,0.02262826317535896,223,6,2,False,False,"[0.027495818365532314, 0.017760707985185604]"
5,40.0,Pooled,Sham,endothelial+stromal,0.9031269098961624,-0.14699936143049405,39,6,2,False,False,"[-0.5493385909904348, 0.2553398681294467]"
5,40.0,Pooled,Sham,immune,3.269613183599915,1.7091199656585938,29,6,2,False,False,"[0.4506614090095652, 2.9675785223076225]"
5,40.0,Pooled,Sham,immune+stromal,1.3915491978100574,0.4766919156273964,38,6,2,False,False,"[0.690349425420999, 0.2630344058337938]"
5,40.0,Pooled,Sham,none,0.925758130551406,-0.11129277983997546,267,6,2,False,False,"[-0.23457294625319947, 0.01198738657324854]"
5,40.0,Pooled,Sham,stromal,1.7222329254004174,0.7842802749037304,35,4,2,False,False,"[0.7909529711439088, 0.777607578663552]"
10,10.0,Cortex,D1,endothelial,1.287708815953563,0.3648063999177885,1155,3,2,False,False,"[0.25932852404696827, 0.4702842757886088]"
10,10.0,Cortex,D1,endothelial+immune,1.255522131735372,0.32828745996221925,725,3,2,False,False,"[0.32008134147007383, 0.3364935784543647]"
10,10.0,Cortex,D1,endothelial+immune+stromal,1.3339492471553014,0.4157037772644323,1804,3,2,False,False,"[0.3916518857887541, 0.4397556687401106]"
10,10.0,Cortex,D1,endothelial+stromal,1.6078766583987156,0.6851567403840899,813,3,2,False,False,"[0.42856320104723217, 0.9417502797209476]"
10,10.0,Cortex,D1,immune,1.503177325041335,0.5880152094323743,501,3,2,False,False,"[0.3809069090061519, 0.7951235098585967]"
10,10.0,Cortex,D1,immune+stromal,2.4917602933503558,1.3171652881740161,355,3,2,False,False,"[1.0153278718209957, 1.6190027045270365]"
10,10.0,Cortex,D1,none,1.403430758141455,0.488957886543569,1463,3,2,False,False,"[0.35176197291604666, 0.6261538001710912]"
10,10.0,Cortex,D1,stromal,1.5858513436539081,0.665257540383059,340,3,2,False,False,"[0.6262998852299895, 0.7042151955361284]"
10,10.0,Cortex,D3,endothelial,1.6247314089080827,0.7002012399479982,1055,3,2,False,False,"[0.7837920635126651, 0.6166104163833315]"
10,10.0,Cortex,D3,endothelial+immune,1.6300935124115796,0.7049547288874778,704,3,2,False,False,"[0.47333391458670165, 0.9365755431882539]"
10,10.0,Cortex,D3,endothelial+immune+stromal,1.2695909393695104,0.3443637373080083,2436,3,2,False,False,"[0.36889380422668455, 0.319833670389332]"
10,10.0,Cortex,D3,endothelial+stromal,1.9813860638990304,0.9865100100645117,746,3,2,False,False,"[1.4530069713865121, 0.5200130487425112]"
10,10.0,Cortex,D3,immune,2.5825606970723065,1.368802256674525,301,3,2,False,False,"[1.6892920280676949, 1.0483124852813552]"
10,10.0,Cortex,D3,immune+stromal,3.0009929712679586,1.5854399399529508,452,3,2,False,False,"[1.7256788424472351, 1.4452010374586666]"
10,10.0,Cortex,D3,none,1.74417714421233,0.8025465722812428,1245,3,2,False,False,"[0.9468188938371589, 0.6582742507253266]"
10,10.0,Cortex,D3,stromal,3.5088243889276285,1.8109877449577791,260,3,2,False,False,"[2.8043533859949816, 0.8176221039205765]"
10,10.0,Cortex,D7,endothelial,2.9402546120817674,1.5559410910081857,759,3,2,False,False,"[1.078414230406761, 2.03346795160961]"
10,10.0,Cortex,D7,endothelial+immune,2.114550699267264,1.0803511513833108,548,3,2,False,False,"[0.6603682069234813, 1.5003340958431404]"
10,10.0,Cortex,D7,endothelial+immune+stromal,1.3308930376146118,0.4123946281214643,3173,3,2,False,False,"[0.35405776139776035, 0.47073149484516835]"
10,10.0,Cortex,D7,endothelial+stromal,3.770393913628922,1.9147152575924524,393,3,2,False,False,"[1.336151176875715, 2.49327933830919]"
10,10.0,Cortex,D7,immune,2.0942331030110735,1.0664220334059231,248,3,2,False,False,"[0.766099587746331, 1.3667444790655154]"
10,10.0,Cortex,D7,immune+stromal,2.630715010602574,1.3954549675992127,895,3,2,False,False,"[1.557629551917852, 1.2332803832805732]"
10,10.0,Cortex,D7,none,2.43708500339605,1.2851565718816196,1111,3,2,False,False,"[1.2198737584788582, 1.3504393852843812]"
10,10.0,Cortex,D7,stromal,3.0984711605870743,1.6315565403051213,142,3,2,False,False,"[1.5103302416561128, 1.7527828389541296]"
10,10.0,Cortex,Sham,endothelial,1.4314606674006054,0.5174880295928144,951,3,2,False,False,"[0.5134070797462117, 0.521568979439417]"
10,10.0,Cortex,Sham,endothelial+immune,1.1849475915013448,0.24482325224325263,637,3,2,False,False,"[0.2654577479832099, 0.2241887565032953]"
10,10.0,Cortex,Sham,endothelial+immune+stromal,1.5478760559188085,0.6302899542535012,1440,3,2,False,False,"[0.6797749230018784, 0.580804985505124]"
10,10.0,Cortex,Sham,endothelial+stromal,1.5335499939988309,0.6168751994829977,596,3,2,False,False,"[0.6125353105063929, 0.6212150884596027]"
10,10.0,Cortex,Sham,immune,1.3878000243079154,0.4727996970773227,658,3,2,False,False,"[0.30766097150336025, 0.6379384226512852]"
10,10.0,Cortex,Sham,immune+stromal,1.7908496900866466,0.8406442538695245,617,3,2,False,False,"[0.7267076324982671, 0.954580875240782]"
10,10.0,Cortex,Sham,none,1.2459108317439385,0.31720082020452417,1915,3,2,False,False,"[0.33125702120110184, 0.3031446192079465]"
10,10.0,Cortex,Sham,stromal,1.5426317571631072,0.6253937161415828,385,3,2,False,False,"[0.6511660197351542, 0.5996214125480114]"
10,10.0,Medulla,D1,endothelial,1.5165242911642605,0.6007686067398926,960,3,2,False,False,"[0.5604541913855835, 0.6410830220942018]"
10,10.0,Medulla,D1,endothelial+immune,1.6603881740351933,0.7315205616256237,524,3,2,False,False,"[0.6128289276040386, 0.850212195647209]"
10,10.0,Medulla,D1,endothelial+immune+stromal,1.3760388296649202,0.4605211812134287,1861,3,2,False,False,"[0.5752264008062777, 0.3458159616205797]"
10,10.0,Medulla,D1,endothelial+stromal,1.435257750238921,0.521309846029715,1119,3,2,False,False,"[0.5540069501215696, 0.4886127419378603]"
10,10.0,Medulla,D1,immune,1.9082139128031297,0.9322229080529657,373,3,2,False,False,"[1.140903543780409, 0.7235422723255225]"
10,10.0,Medulla,D1,immune+stromal,2.466107101397127,1.3022354563908838,560,3,2,False,False,"[1.0795475457701083, 1.5249233670116595]"
10,10.0,Medulla,D1,none,1.5905411882681741,0.6695177320414256,1428,3,2,False,False,"[0.7401640715583668, 0.5988713925244845]"
10,10.0,Medulla,D1,stromal,1.8075276672175216,0.8540177301927288,479,3,2,False,False,"[1.0136170366241537, 0.6944184237613038]"
10,10.0,Medulla,D3,endothelial,1.6545828584240647,0.7264675409368151,989,3,2,False,False,"[0.7332915371801625, 0.7196435446934677]"
10,10.0,Medulla,D3,endothelial+immune,1.781092290903029,0.8327622745408245,626,3,2,False,False,"[0.8610270156406001, 0.8044975334410489]"
10,10.0,Medulla,D3,endothelial+immune+stromal,1.2332235469056982,0.3024343413301548,2135,3,2,False,False,"[0.291234308206206, 0.3136343744541036]"
10,10.0,Medulla,D3,endothelial+stromal,1.4738079374978261,0.5595485287251929,802,3,2,False,False,"[0.5385593772040767, 0.5805376802463093]"
10,10.0,Medulla,D3,immune,2.351556406838629,1.233615938570697,367,3,2,False,False,"[0.9616624267660705, 1.5055694503753236]"
10,10.0,Medulla,D3,immune+stromal,2.438706596802992,1.286116196510652,584,3,2,False,False,"[0.966198806902935, 1.6060335861183688]"
10,10.0,Medulla,D3,none,1.5380613970293697,0.6211130946013268,1295,3,2,False,False,"[0.4592011204844937, 0.7830250687181599]"
10,10.0,Medulla,D3,stromal,2.2665749831467052,1.1805138894500202,409,3,2,False,False,"[0.5881214042595335, 1.7729063746405072]"
10,10.0,Medulla,D7,endothelial,2.0763444329661396,1.0540457840209185,901,3,2,False,False,"[0.8924071678655147, 1.2156844001763223]"
10,10.0,Medulla,D7,endothelial+immune,2.054022728053711,1.0384521453703077,1011,3,2,False,False,"[1.0351876328136658, 1.04171665792695]"
10,10.0,Medulla,D7,endothelial+immune+stromal,1.3568759962033727,0.4402888800515762,2470,3,2,False,False,"[0.36832589084093875, 0.5122518692622136]"
10,10.0,Medulla,D7,endothelial+stromal,2.55603489422615,1.3539075316618228,471,3,2,False,False,"[0.9173321695957478, 1.7904828937278978]"
10,10.0,Medulla,D7,immune,2.5075938994884113,1.326303725080672,462,3,2,False,False,"[0.9864654016505447, 1.6661420485107992]"
10,10.0,Medulla,D7,immune+stromal,2.3468154288813547,1.2307043819938461,852,3,2,False,False,"[1.147077550796684, 1.3143312131910085]"
10,10.0,Medulla,D7,none,1.9957938516399425,0.9969627103664951,1011,3,2,False,False,"[0.8419465464804948, 1.1519788742524955]"
10,10.0,Medulla,D7,stromal,3.1874213743330606,1.6723897547530422,249,3,2,False,False,"[1.1697917824532629, 2.1749877270528213]"
10,10.0,Medulla,Sham,endothelial,1.5527741039519274,0.634847963136095,1081,3,2,False,False,"[0.8636469707700776, 0.4060489555021126]"
10,10.0,Medulla,Sham,endothelial+immune,1.6121640323211412,0.6889985407497161,535,3,2,False,False,"[0.9946989564801597, 0.3832981250192725]"
10,10.0,Medulla,Sham,endothelial+immune+stromal,1.4924108629862392,0.577644766419394,1514,3,2,False,False,"[0.8216344361465069, 0.3336550966922811]"
10,10.0,Medulla,Sham,endothelial+stromal,1.3893148268198934,0.47437355945309484,838,3,2,False,False,"[0.618793331248146, 0.32995378765804373]"
10,10.0,Medulla,Sham,immune,1.7525914366372386,0.8094897148446767,505,3,2,False,False,"[1.0972338674344466, 0.5217455622549068]"
10,10.0,Medulla,Sham,immune+stromal,1.7426632343846882,0.8012937989387399,652,3,2,False,False,"[0.9863413584885115, 0.6162462393889684]"
10,10.0,Medulla,Sham,none,1.455455219969848,0.5414704527061227,1705,3,2,False,False,"[0.6908937448573248, 0.3920471605549207]"
10,10.0,Medulla,Sham,stromal,1.849461785485376,0.887105491075417,546,3,2,False,False,"[1.1316029223102506, 0.6426080598405834]"
10,10.0,Pooled,D1,endothelial,1.3869607169073837,0.47192692657608876,2115,6,2,False,False,"[0.3597037464931734, 0.5841501066590041]"
10,10.0,Pooled,D1,endothelial+immune,1.4623800187732128,0.5483182633821615,1249,6,2,False,False,"[0.41766387018139545, 0.6789726565829275]"
10,10.0,Pooled,D1,endothelial+immune+stromal,1.3332860105031636,0.41498629406084264,3665,6,2,False,False,"[0.4528433907945953, 0.37712919732709]"
10,10.0,Pooled,D1,endothelial+stromal,1.4691871530780902,0.5550181859687837,1932,6,2,False,False,"[0.47037778407201136, 0.6396585878655561]"
10,10.0,Pooled,D1,immune,1.6142017483120257,0.6908209027170591,874,6,2,False,False,"[0.6342391205975709, 0.7474026848365471]"
10,10.0,Pooled,D1,immune+stromal,2.456337479264703,1.2965087879937425,915,6,2,False,False,"[1.0367344298040333, 1.5562831461834516]"
10,10.0,Pooled,D1,none,1.4586132794301836,0.5445974337684201,2891,6,2,False,False,"[0.48122933913015337, 0.6079655284066868]"
10,10.0,Pooled,D1,stromal,1.6546714764404722,0.7265448083571449,819,6,2,False,False,"[0.7554056023613777, 0.6976840143529119]"
10,10.0,Pooled,D3,endothelial,1.6251128668268673,0.7005399192221868,2044,6,2,False,False,"[0.7501250459576635, 0.6509547924867102]"
10,10.0,Pooled,D3,endothelial+immune,1.755853843957367,0.8121727609475764,1330,6,2,False,False,"[0.7317959819559673, 0.8925495399391855]"
10,10.0,Pooled,D3,endothelial+immune+stromal,1.2461208789735856,0.3174440226453107,4571,6,2,False,False,"[0.31712080687969885, 0.3177672384109225]"
10,10.0,Pooled,D3,endothelial+stromal,1.6152769926715111,0.6917815839209995,1548,6,2,False,False,"[0.8433752419315551, 0.540187925910444]"
10,10.0,Pooled,D3,immune,2.301331078774956,1.2024685504229784,668,6,2,False,False,"[1.2042056271999453, 1.2007314736460115]"
10,10.0,Pooled,D3,immune+stromal,2.5652249651546044,1.3590853528814677,1036,6,2,False,False,"[1.219358818751035, 1.4988118870119005]"
10,10.0,Pooled,D3,none,1.5809580834732584,0.6607991174958265,2540,6,2,False,False,"[0.6217403782687154, 0.6998578567229377]"
10,10.0,Pooled,D3,stromal,2.3480413191177902,1.2314577961659516,669,6,2,False,False,"[1.3268653981713496, 1.1360501941605534]"
10,10.0,Pooled,D7,endothelial,2.38228397497377,1.2523453967735485,1660,6,2,False,False,"[1.0164118762263457, 1.4882789173207513]"
10,10.0,Pooled,D7,endothelial+immune,1.9861141963032525,0.9899485763929448,1559,6,2,False,False,"[0.7853080155535427, 1.1945891372323467]"
10,10.0,Pooled,D7,endothelial+immune+stromal,1.3459387650890522,0.4286127745010091,5643,6,2,False,False,"[0.3588138045454865, 0.49841174445653175]"
10,10.0,Pooled,D7,endothelial+stromal,3.0538868469547653,1.6106466081853608,864,6,2,False,False,"[1.196544841115726, 2.0247483752549953]"
10,10.0,Pooled,D7,immune,2.302097375704236,1.20294885887172,710,6,2,False,False,"[0.8395548590477356, 1.5663428586957047]"
10,10.0,Pooled,D7,immune+stromal,2.556281254566528,1.3540465773824963,1747,6,2,False,False,"[1.4207788848774625, 1.2873142698875302]"
10,10.0,Pooled,D7,none,2.2284107789743297,1.1560151995379304,2122,6,2,False,False,"[1.0938980211460703, 1.2181323779297906]"
10,10.0,Pooled,D7,stromal,3.2841843077500106,1.7155350931375433,391,6,2,False,False,"[1.3968174219218294, 2.034252764353257]"
10,10.0,Pooled,Sham,endothelial,1.4513089517310775,0.5373546701176906,2032,6,2,False,False,"[0.6301537100875003, 0.4445556301478808]"
10,10.0,Pooled,Sham,endothelial+immune,1.337371158462831,0.4193999098314033,1172,6,2,False,False,"[0.5085381508155264, 0.3302616688472801]"
10,10.0,Pooled,Sham,endothelial+immune+stromal,1.4861192748472634,0.571549910173325,2954,6,2,False,False,"[0.7270614273834212, 0.41603839296322875]"
10,10.0,Pooled,Sham,endothelial+stromal,1.4347815538843665,0.5208311026727703,1434,6,2,False,False,"[0.6146213174203106, 0.42704088792523004]"
10,10.0,Pooled,Sham,immune,1.4800687857892347,0.5656642262670444,1163,6,2,False,False,"[0.5708519368137224, 0.5604765157203663]"
10,10.0,Pooled,Sham,immune+stromal,1.7066158234167998,0.7711383295839607,1269,6,2,False,False,"[0.8132522078283486, 0.7290244513395728]"
10,10.0,Pooled,Sham,none,1.325718486358523,0.4067744545962194,3620,6,2,False,False,"[0.4511359290865095, 0.3624129801059293]"
10,10.0,Pooled,Sham,stromal,1.6469484690665557,0.7197954156682895,931,6,2,False,False,"[0.811311653926853, 0.628279177409726]"
10,20.0,Cortex,D1,endothelial,1.2236667719797896,0.29121073787978574,220,3,2,False,False,"[0.07026355886680684, 0.5121579168927647]"
10,20.0,Cortex,D1,endothelial+immune,0.9426712531475014,-0.08517336125588987,126,3,2,False,False,"[-0.11690746355031914, -0.05343925896146061]"
10,20.0,Cortex,D1,endothelial+immune+stromal,1.0945331083729288,0.13031559505152837,524,3,2,False,False,"[0.1515042842080627, 0.10912690589499403]"
10,20.0,Cortex,D1,endothelial+stromal,1.3255492049682454,0.4065902246722483,137,3,2,False,False,"[0.22121907658208564, 0.591961372762411]"
10,20.0,Cortex,D1,immune,1.5117272092861525,0.5961978291646302,93,3,2,False,False,"[0.5374244880410489, 0.6549711702882114]"
10,20.0,Cortex,D1,immune+stromal,1.3930402729745268,0.4782369670423683,78,3,2,False,False,"[0.18415936016308398, 0.7723145739216526]"
10,20.0,Cortex,D1,none,1.091525600716192,0.12634596779381027,462,3,2,False,False,"[0.04972801915318706, 0.20296391643443348]"
10,20.0,Cortex,D1,stromal,1.0627763228269689,0.08783799206731047,80,3,2,False,False,"[-0.051873962418914274, 0.2275499465535352]"
10,20.0,Cortex,D3,endothelial,1.1916516467634863,0.252962557161708,228,3,2,False,False,"[0.24667457149361968, 0.2592505428297963]"
10,20.0,Cortex,D3,endothelial+immune,1.2461709692568845,0.3175020134487338,122,3,2,False,False,"[0.34856219050128345, 0.28644183639618415]"
10,20.0,Cortex,D3,endothelial+immune+stromal,1.0352681898951934,0.05000455140718313,728,3,2,False,False,"[0.08086192956448943, 0.019147173249876838]"
10,20.0,Cortex,D3,endothelial+stromal,1.1453586319467552,0.1957994022695136,146,3,2,False,False,"[0.0637573648882598, 0.3278414396507674]"
10,20.0,Cortex,D3,immune,1.4251125491615664,0.5110758615266986,38,3,2,False,False,"[0.22897256976016075, 0.7931791532932365]"
10,20.0,Cortex,D3,immune+stromal,1.8895096476185258,0.918011884851312,95,3,2,False,False,"[0.621289992538921, 1.214733777163703]"
10,20.0,Cortex,D3,none,1.0062753581467696,0.009025139611480496,285,3,2,False,False,"[0.05904756831784835, -0.040997289094887354]"
10,20.0,Cortex,D3,stromal,1.770778396203525,0.8243836775318343,62,3,2,False,False,"[1.4719493232527012, 0.1768180318109674]"
10,20.0,Cortex,D7,endothelial,2.33943779854311,1.2261618705335033,180,3,2,False,False,"[0.9193283324940702, 1.5329954085729365]"
10,20.0,Cortex,D7,endothelial+immune,1.8498250585415312,0.8873888387910096,97,3,2,False,False,"[1.2441494758229066, 0.5306282017591127]"
10,20.0,Cortex,D7,endothelial+immune+stromal,1.1547314219629523,0.20755733539887955,941,3,2,False,False,"[0.1270243428811111, 0.28809032791664796]"
10,20.0,Cortex,D7,endothelial+stromal,4.2695142238244195,2.094071932434227,91,3,2,False,False,"[1.60117901123615, 2.586964853632304]"
10,20.0,Cortex,D7,immune,,,47,3,1,False,True,[0.6325902456439056]
10,20.0,Cortex,D7,immune+stromal,2.405919171831601,1.266588175200404,189,3,2,False,False,"[1.6093400571788954, 0.9238362932219127]"
10,20.0,Cortex,D7,none,1.6552419383809758,0.727042103916022,210,3,2,False,False,"[0.591013365564501, 0.863070842267543]"
10,20.0,Cortex,D7,stromal,,,21,3,0,False,True,[]
10,20.0,Cortex,Sham,endothelial,1.2520522182485756,0.324294732747589,240,3,2,False,False,"[0.36998880227191633, 0.2786006632232617]"
10,20.0,Cortex,Sham,endothelial+immune,1.0709196631877629,0.09885025798940245,128,3,2,False,False,"[0.21597187410216856, -0.018271358123363654]"
10,20.0,Cortex,Sham,endothelial+immune+stromal,1.1549725912023803,0.20785861527285382,452,3,2,False,False,"[0.2793368471787949, 0.13638038336691272]"
10,20.0,Cortex,Sham,endothelial+stromal,1.4165705616130624,0.502402466420437,95,3,2,False,False,"[0.6265365219235728, 0.37826841091730123]"
10,20.0,Cortex,Sham,immune,1.0931690587030147,0.1285165311945337,102,3,2,False,False,"[0.02173680782198159, 0.23529625456708586]"
10,20.0,Cortex,Sham,immune+stromal,1.416420519046464,0.5022496486664849,123,3,2,False,False,"[0.22041415459821287, 0.7840851427347569]"
10,20.0,Cortex,Sham,none,1.0774691231276876,0.10764652680965899,494,3,2,False,False,"[0.08911822226298158, 0.1261748313563364]"
10,20.0,Cortex,Sham,stromal,1.5197236102147313,0.6038089668069946,76,3,2,False,False,"[0.3825610098229262, 0.825056923791063]"
10,20.0,Medulla,D1,endothelial,1.114929080114136,0.15695194420684827,140,3,2,False,False,"[-0.07782110709956577, 0.3917249955132623]"
10,20.0,Medulla,D1,endothelial+immune,1.1936928916644822,0.25543171376974627,84,3,2,False,False,"[-0.32674511118513816, 0.8376085387246307]"
10,20.0,Medulla,D1,endothelial+immune+stromal,1.2548974272436717,0.3275694460449228,551,3,2,False,False,"[0.4845367990749498, 0.17060209301489576]"
10,20.0,Medulla,D1,endothelial+stromal,1.3342341115508218,0.416011831394943,192,3,2,False,False,"[0.505543905245068, 0.326479757544818]"
10,20.0,Medulla,D1,immune,1.305124108938358,0.38418700437087727,113,3,2,False,False,"[0.2943910020895032, 0.4739830066522514]"
10,20.0,Medulla,D1,immune+stromal,1.997315791866958,0.9980624526327447,145,3,2,False,False,"[0.8782544669882071, 1.1178704382772824]"
10,20.0,Medulla,D1,none,1.2258109127352648,0.2937364535001125,431,3,2,False,False,"[0.6268583715747252, -0.03938546457450021]"
10,20.0,Medulla,D1,stromal,1.3517997559522574,0.4348814589495968,117,3,2,False,False,"[0.9094316027549412, -0.039668684855747635]"
10,20.0,Medulla,D3,endothelial,1.35730782154555,0.44074794423202857,164,3,2,False,False,"[0.4053319826227831, 0.47616390584127405]"
10,20.0,Medulla,D3,endothelial+immune,1.4142175780241315,0.50000409651821,161,3,2,False,False,"[0.8771514452508864, 0.12285674778553367]"
10,20.0,Medulla,D3,endothelial+immune+stromal,1.035954106621755,0.050960092198447056,565,3,2,False,False,"[0.02766040239762665, 0.07425978199926746]"
10,20.0,Medulla,D3,endothelial+stromal,1.7083354897426148,0.7725913249929351,137,3,2,False,False,"[0.9790981594704036, 0.5660844905154667]"
10,20.0,Medulla,D3,immune,2.181860803442535,1.1255590647280447,89,3,2,False,False,"[0.9356163037281602, 1.3155018257279294]"
10,20.0,Medulla,D3,immune+stromal,0.7030065053488194,-0.5083900553889014,131,3,2,False,False,"[0.6155804401590924, -1.6323605509368952]"
10,20.0,Medulla,D3,none,1.175613813950503,0.23341421646731067,330,3,2,False,False,"[0.27215676915662335, 0.194671663777998]"
10,20.0,Medulla,D3,stromal,1.515128064250065,0.599439740793977,90,3,2,False,False,"[0.7723463434712806, 0.4265331381166733]"
10,20.0,Medulla,D7,endothelial,1.8214808764615478,0.8651118484548822,223,3,2,False,False,"[0.4002730601442795, 1.329950636765485]"
10,20.0,Medulla,D7,endothelial+immune,1.9821318643260024,0.9870529431909254,244,3,2,False,False,"[0.8846046806551534, 1.0895012057266975]"
10,20.0,Medulla,D7,endothelial+immune+stromal,1.2697520095171702,0.34454675717436967,667,3,2,False,False,"[0.2913375102247818, 0.3977560041239575]"
10,20.0,Medulla,D7,endothelial+stromal,2.0243252416401334,1.0174411016947318,134,3,2,False,False,"[0.7381401378121949, 1.2967420655772686]"
10,20.0,Medulla,D7,immune,2.0252220238763483,1.018080078459918,100,3,2,False,False,"[0.5862424313455977, 1.4499177255742384]"
10,20.0,Medulla,D7,immune+stromal,1.99002646167269,0.9927876146232686,183,3,2,False,False,"[0.9516494434433317, 1.0339257858032054]"
10,20.0,Medulla,D7,none,1.509062196332059,0.5936522680850533,220,3,2,False,False,"[0.36227759019039596, 0.8250269459797106]"
10,20.0,Medulla,D7,stromal,3.537308554944364,1.822652068988661,54,3,2,False,False,"[1.7247333438767638, 1.920570794100558]"
10,20.0,Medulla,Sham,endothelial,1.0530069572594951,0.07451496833952106,202,3,2,False,False,"[-0.25484013008621564, 0.4038700667652578]"
10,20.0,Medulla,Sham,endothelial+immune,1.4614857097875806,0.5474357227331668,118,3,2,False,False,"[0.9087509376340465, 0.18612050783228717]"
10,20.0,Medulla,Sham,endothelial+immune+stromal,1.2699223998163138,0.34474034202056536,411,3,2,False,False,"[0.4228670109843062, 0.2666136730568245]"
10,20.0,Medulla,Sham,endothelial+stromal,1.61092329402677,0.6878878000892832,162,3,2,False,False,"[0.9027307409482228, 0.47304485923034356]"
10,20.0,Medulla,Sham,immune,1.6831860459996995,0.7511946495179951,113,3,2,False,False,"[0.7861316509700906, 0.7162576480658994]"
10,20.0,Medulla,Sham,immune+stromal,1.4236154035746262,0.5095594480618392,131,3,2,False,False,"[0.7073775395556792, 0.3117413565679991]"
10,20.0,Medulla,Sham,none,1.2783122394251638,0.3542402707532377,538,3,2,False,False,"[0.5319991478094384, 0.17648139369703703]"
10,20.0,Medulla,Sham,stromal,1.5988861900460825,0.6770672503256395,116,3,2,False,False,"[1.158970065808626, 0.1951644348426532]"
10,20.0,Pooled,D1,endothelial,1.169900353413597,0.22638565309222286,360,6,2,False,False,"[0.020902003544682635, 0.4318693026397631]"
10,20.0,Pooled,D1,endothelial+immune,1.130428410696083,0.17686963003367073,210,6,2,False,False,"[-0.18685334609525883, 0.5405926061626003]"
10,20.0,Pooled,D1,endothelial+immune+stromal,1.153735681419881,0.20631274323597681,1075,6,2,False,False,"[0.2625151224970251, 0.15011036397492852]"
10,20.0,Pooled,D1,endothelial+stromal,1.2883136078588304,0.36548382437688104,329,6,2,False,False,"[0.3159940194697464, 0.41497362928401565]"
10,20.0,Pooled,D1,immune,1.4244897169838022,0.5104452072637158,206,6,2,False,False,"[0.4564133260572003, 0.5644770884702314]"
10,20.0,Pooled,D1,immune+stromal,1.6347893761140413,0.7091047729650987,223,6,2,False,False,"[0.41552439577145833, 1.002685150158739]"
10,20.0,Pooled,D1,none,1.1032434888926088,0.14175123286108873,893,6,2,False,False,"[0.2421048032936998, 0.04139766242847768]"
10,20.0,Pooled,D1,stromal,1.1164995805207094,0.15898270912652543,197,6,2,False,False,"[0.26856122597237087, 0.04940419228067997]"
10,20.0,Pooled,D3,endothelial,1.2675130386704463,0.34200058804000877,392,6,2,False,False,"[0.35244617891306196, 0.3315549971669556]"
10,20.0,Pooled,D3,endothelial+immune,1.3816902734275447,0.466434250263493,283,6,2,False,False,"[0.7009550270010187, 0.23191347352596728]"
10,20.0,Pooled,D3,endothelial+immune+stromal,1.0291520483972663,0.04145614380979398,1293,6,2,False,False,"[0.04539424478658091, 0.03751804283300705]"
10,20.0,Pooled,D3,endothelial+stromal,1.4545976751699254,0.540620175607678,283,6,2,False,False,"[0.6739845612763556, 0.4072557899390005]"
10,20.0,Pooled,D3,immune,1.8368125966001472,0.8772044409580384,127,6,2,False,False,"[0.7000683924054938, 1.054340489510583]"
10,20.0,Pooled,D3,immune+stromal,1.3581030753947023,0.4415929793746028,226,6,2,False,False,"[0.6174836242857019, 0.26570233446350366]"
10,20.0,Pooled,D3,none,1.086237593018452,0.11933969870321973,615,6,2,False,False,"[0.2011203688770317, 0.03755902852940776]"
10,20.0,Pooled,D3,stromal,1.5505734513332208,0.6328018686556451,152,6,2,False,False,"[1.0055473367317542, 0.26005640057953605]"
10,20.0,Pooled,D7,endothelial,2.1023036576874556,1.071971067872721,403,6,2,False,False,"[0.7463099083774732, 1.3976322273679687]"
10,20.0,Pooled,D7,endothelial+immune,2.0191606605614982,1.0137557075855792,341,6,2,False,False,"[1.124301210766989, 0.9032102044041692]"
10,20.0,Pooled,D7,endothelial+immune+stromal,1.2070605839751376,0.2714980886919278,1608,6,2,False,False,"[0.18179539866233466, 0.361200778721521]"
10,20.0,Pooled,D7,endothelial+stromal,2.868224315634088,1.5201578575118893,225,6,2,False,False,"[1.3134993867614984, 1.7268163282622802]"
10,20.0,Pooled,D7,immune,1.842748050058571,0.8818588318048626,147,6,2,False,False,"[0.5862424313455977, 1.1774752322641275]"
10,20.0,Pooled,D7,immune+stromal,2.2873380029321178,1.193669570438241,372,6,2,False,False,"[1.3901098526003741, 0.9972292882761078]"
10,20.0,Pooled,D7,none,1.597967621148524,0.6762381759243938,430,6,2,False,False,"[0.514768107106466, 0.8377082447423215]"
10,20.0,Pooled,D7,stromal,3.537308554944364,1.822652068988661,75,6,2,False,False,"[1.7247333438767638, 1.920570794100558]"
10,20.0,Pooled,Sham,endothelial,1.1990676408409244,0.26191304520189906,442,6,2,False,False,"[0.16171249148587233, 0.36211359891792577]"
10,20.0,Pooled,Sham,endothelial+immune,1.2162535848009193,0.2824440572299324,246,6,2,False,False,"[0.4468982286127945, 0.11798988584707022]"
10,20.0,Pooled,Sham,endothelial+immune+stromal,1.210154632680483,0.27519140580374296,863,6,2,False,False,"[0.3271802351139653, 0.22320257649352057]"
10,20.0,Pooled,Sham,endothelial+stromal,1.49487721013953,0.5800269856955595,257,6,2,False,False,"[0.7186012615984562, 0.4414527097926628]"
10,20.0,Pooled,Sham,immune,1.3344415694024252,0.41623613621882305,215,6,2,False,False,"[0.2765350888713513, 0.5559371835662948]"
10,20.0,Pooled,Sham,immune+stromal,1.3434683034175792,0.42596228410381,254,6,2,False,False,"[0.3827352829173683, 0.4691892852902517]"
10,20.0,Pooled,Sham,none,1.1472890152210689,0.198228868514302,1032,6,2,False,False,"[0.23674519744513386, 0.15971253958347012]"
10,20.0,Pooled,Sham,stromal,1.4371855281079078,0.5232463131551413,192,6,2,False,False,"[0.6413640284848261, 0.40512859782545646]"
10,40.0,Cortex,D1,endothelial,1.1872166580553665,0.24758323993293163,31,3,2,False,False,"[0.16736181864183167, 0.3278046612240316]"
10,40.0,Cortex,D1,endothelial+immune,,,14,3,2,True,False,"[-1.8415991353567993, 1.2055489111730333]"
10,40.0,Cortex,D1,endothelial+immune+stromal,1.0058920810327785,0.008475531276148338,154,3,2,False,False,"[0.01670148292346067, 0.00024957962883600615]"
10,40.0,Cortex,D1,endothelial+stromal,1.1882045291113479,0.24878319281990946,30,3,2,False,False,"[0.02993189802654017, 0.46763448761327875]"
10,40.0,Cortex,D1,immune,,,6,3,1,True,True,[1.4506614090095653]
10,40.0,Cortex,D1,immune+stromal,,,7,2,0,True,True,[]
10,40.0,Cortex,D1,none,0.86848398932148,-0.20342884208228007,95,3,2,False,False,"[-0.23202878587035886, -0.17482889829420128]"
10,40.0,Cortex,D1,stromal,,,12,3,2,True,False,"[0.41328836680666925, -0.023269779322847028]"
10,40.0,Cortex,D3,endothelial,0.682964690427129,-0.5501171024078513,28,3,2,False,False,"[-1.6844981742720706, 0.5842639694563682]"
10,40.0,Cortex,D3,endothelial+immune,,,26,3,1,False,True,[-0.6844981742720706]
10,40.0,Cortex,D3,endothelial+immune+stromal,1.0355703826204048,0.05042560976966108,163,3,2,False,False,"[0.06638739733390166, 0.03446382220542051]"
10,40.0,Cortex,D3,endothelial+stromal,,,21,3,1,False,True,[0.5958812478793618]
10,40.0,Cortex,D3,immune,,,13,3,2,True,False,"[0.070389327891398, -0.1975999598851607]"
10,40.0,Cortex,D3,immune+stromal,,,11,3,2,True,False,"[0.4854268271702419, 1.446256229889564]"
10,40.0,Cortex,D3,none,0.9346152680840059,-0.0975554893033556,77,3,2,False,False,"[-0.028620677939767712, -0.16649030066694348]"
10,40.0,Cortex,D3,stromal,,,12,3,1,True,True,[1.2804226808457484]
10,40.0,Cortex,D7,endothelial,1.3899243252004492,0.4750063371717847,41,3,2,False,False,"[0.3168139879695657, 0.6331986863740037]"
10,40.0,Cortex,D7,endothelial+immune,,,8,3,1,True,True,[-0.023269779322847028]
10,40.0,Cortex,D7,endothelial+immune+stromal,1.157549235337862,0.21107355855429422,167,3,2,False,False,"[0.12026631119487091, 0.3018808059137175]"
10,40.0,Cortex,D7,endothelial+stromal,2.2828562168667244,1.1908399958982518,22,3,2,False,False,"[0.3536369546147006, 2.0280430371818032]"
10,40.0,Cortex,D7,immune,,,9,3,1,True,True,[0.6205864104518775]
10,40.0,Cortex,D7,immune+stromal,1.5110156248929145,0.5955185789931277,68,3,2,False,False,"[0.6566803749930815, 0.5343567829931738]"
10,40.0,Cortex,D7,none,1.3053225592303273,0.38440635629721964,60,3,2,False,False,"[-0.04881054491699188, 0.8176232575114312]"
10,40.0,Cortex,D7,stromal,,,4,2,0,True,True,[]
10,40.0,Cortex,Sham,endothelial,1.0541877102276718,0.0761317782681668,38,3,2,False,False,"[0.16635838642212003, -0.014094829885786418]"
10,40.0,Cortex,Sham,endothelial+immune,,,17,3,2,True,False,"[0.5148851726818788, 0.9884120257247881]"
10,40.0,Cortex,Sham,endothelial+immune+stromal,0.9471462021624055,-0.07834095657009589,123,3,2,False,False,"[-0.02550061297281206, -0.13118130016737972]"
10,40.0,Cortex,Sham,endothelial+stromal,,,16,3,2,True,False,"[-0.09114788805819544, 0.632268215499513]"
10,40.0,Cortex,Sham,immune,,,13,3,2,True,False,"[-1.6463630453852993, -0.5376567859427995]"
10,40.0,Cortex,Sham,immune+stromal,,,18,3,2,True,False,"[-0.2923549795040152, 1.4623432140572006]"
10,40.0,Cortex,Sham,none,1.0345801391711145,0.049045401511867925,106,3,2,False,False,"[-0.0401885718021113, 0.13827937482584715]"
10,40.0,Cortex,Sham,stromal,,,9,1,1,True,True,[0.3536369546147004]
10,40.0,Medulla,D1,endothelial,,,25,3,1,False,True,[0.8713962414586719]
10,40.0,Medulla,D1,endothelial+immune,,,17,3,1,True,True,[0.49683159044249126]
10,40.0,Medulla,D1,endothelial+immune+stromal,1.1858464642821092,0.24591723116746467,123,3,2,False,False,"[0.266669434071931, 0.2251650282629983]"
10,40.0,Medulla,D1,endothelial+stromal,1.3080160964548904,0.38738029476012303,35,3,2,False,False,"[0.6603303227253706, 0.1144302667948755]"
10,40.0,Medulla,D1,immune,,,4,2,2,True,False,"[2.6667565918848037, 2.6667565918848037]"
10,40.0,Medulla,D1,immune+stromal,,,18,3,1,True,True,[1.2337971846086973]
10,40.0,Medulla,D1,none,1.1455885637421466,0.1960889955545025,127,3,2,False,False,"[0.1992231747505418, 0.1929548163584632]"
10,40.0,Medulla,D1,stromal,1.3106798452729538,0.39031532702118643,24,3,2,False,False,"[0.607862902831235, 0.17276775121113783]"
10,40.0,Medulla,D3,endothelial,0.9748440208212861,-0.03675669488620187,30,3,2,False,False,"[-0.974829114912997, 0.9013157251405932]"
10,40.0,Medulla,D3,endothelial+immune,,,16,3,2,True,False,"[-0.0831412353002457, 0.32832586608551295]"
10,40.0,Medulla,D3,endothelial+immune+stromal,1.0102560885318168,0.01472104626840447,154,3,2,False,False,"[0.0041369767274325436, 0.025305115809376395]"
10,40.0,Medulla,D3,endothelial+stromal,1.2666805436244957,0.3410527231839441,30,3,2,False,False,"[0.1838545788400628, 0.49825086752782544]"
10,40.0,Medulla,D3,immune,,,4,3,1,True,True,[1.560714954474479]
10,40.0,Medulla,D3,immune+stromal,,,15,3,1,True,True,[-0.7818835381033331]
10,40.0,Medulla,D3,none,0.9095713283772244,-0.13674131675651194,80,3,2,False,False,"[0.1697143166040378, -0.44319695011706167]"
10,40.0,Medulla,D3,stromal,,,31,2,1,False,True,[0.8320513924478329]
10,40.0,Medulla,D7,endothelial,1.284269216327401,0.3609476606755942,69,3,2,False,False,"[0.0553349821691086, 0.6665603391820798]"
10,40.0,Medulla,D7,endothelial+immune,2.5506617705835772,1.350871603662723,33,3,2,False,False,"[0.8910656284468359, 1.81067757887861]"
10,40.0,Medulla,D7,endothelial+immune+stromal,1.157319226353701,0.21078686164050206,123,3,2,False,False,"[-0.002674134298325465, 0.4242478575793296]"
10,40.0,Medulla,D7,endothelial+stromal,1.9157140845936027,0.9378822586112361,45,3,2,False,False,"[1.2460279805281038, 0.6297365366943682]"
10,40.0,Medulla,D7,immune,,,19,3,1,True,True,[2.4604064859204438]
10,40.0,Medulla,D7,immune+stromal,1.479155164274526,0.5647733999607959,24,3,2,False,False,"[0.07860983469636647, 1.0509369652252254]"
10,40.0,Medulla,D7,none,1.157738870590413,0.2113098883988127,64,3,2,False,False,"[-0.06711419585853691, 0.4897339726561623]"
10,40.0,Medulla,D7,stromal,1.4444686471147798,0.5305388898541247,31,3,2,False,False,"[0.874469117916141, 0.18660866179210833]"
10,40.0,Medulla,Sham,endothelial,,,34,2,1,False,True,[-0.20187236258377378]
10,40.0,Medulla,Sham,endothelial+immune,,,11,3,1,True,True,[0.5727884121428086]
10,40.0,Medulla,Sham,endothelial+immune+stromal,1.207484164394217,0.272004268895633,100,3,2,False,False,"[0.3827225803529897, 0.16128595743827623]"
10,40.0,Medulla,Sham,endothelial+stromal,1.0811209451137598,0.11252792654670041,23,3,2,False,False,"[-0.5493385909904348, 0.7743944440838356]"
10,40.0,Medulla,Sham,immune,,,16,3,2,True,False,"[0.4506614090095652, 2.5956097449206648]"
10,40.0,Medulla,Sham,immune+stromal,1.9364350932826233,0.9534031449662514,20,3,2,False,False,"[1.088091329624857, 0.8187149603076459]"
10,40.0,Medulla,Sham,none,1.0961870401084775,0.1324939833480414,161,3,2,False,False,"[0.2232509129064929, 0.041737053789589924]"
10,40.0,Medulla,Sham,stromal,1.672448668301947,0.7419619315706568,26,3,2,False,False,"[1.2912787851989178, 0.19264507794239583]"
10,40.0,Pooled,D1,endothelial,1.346095188756557,0.4287804333444784,56,6,2,False,False,"[0.16736181864183167, 0.6901990480471252]"
10,40.0,Pooled,D1,endothelial+immune,0.7094611342421197,-0.49520444227451854,31,6,2,False,False,"[-1.8415991353567993, 0.8511902508077622]"
10,40.0,Pooled,D1,endothelial+immune+stromal,1.0905898795201827,0.12510867267894749,277,6,2,False,False,"[0.10002413330628411, 0.15019321205161087]"
10,40.0,Pooled,D1,endothelial+stromal,1.177816554868385,0.23611485666358012,65,6,2,False,False,"[0.24006470625948365, 0.2321650070676766]"
10,40.0,Pooled,D1,immune,,,10,5,2,True,False,"[2.6667565918848037, 2.0587090004471844]"
10,40.0,Pooled,D1,immune+stromal,,,25,5,1,False,True,[1.2337971846086973]
10,40.0,Pooled,D1,none,0.9938093747633628,-0.008958943761241803,222,6,2,False,False,"[-0.08827813233005864, 0.07036024480757504]"
10,40.0,Pooled,D1,stromal,1.2112089455624742,0.27644776571283497,36,6,2,False,False,"[0.4781465454815245, 0.0747489859441454]"
10,40.0,Pooled,D3,endothelial,0.8346719594863959,-0.26071879000745574,58,6,2,False,False,"[-1.211385468032688, 0.6899478880177766]"
10,40.0,Pooled,D3,endothelial+immune,0.9809510694307024,-0.027746919350322585,42,6,2,False,False,"[-0.3838197047861581, 0.32832586608551295]"
10,40.0,Pooled,D3,endothelial+immune+stromal,1.0197030044707354,0.028149018501497362,317,6,2,False,False,"[0.024887116929588917, 0.03141092007340581]"
10,40.0,Pooled,D3,endothelial+stromal,1.2955782766082855,0.373596183301123,51,6,2,False,False,"[0.1838545788400628, 0.5633377877621831]"
10,40.0,Pooled,D3,immune,,,17,6,2,True,False,"[0.8155521411829385, -0.1975999598851607]"
10,40.0,Pooled,D3,immune+stromal,1.457407924273931,0.543404740105378,26,6,2,False,False,"[-0.35944674967880813, 1.446256229889564]"
10,40.0,Pooled,D3,none,0.9476579975279654,-0.07756159936377346,157,6,2,False,False,"[0.10360265175610262, -0.25872585048364954]"
10,40.0,Pooled,D3,stromal,2.079500506886266,1.0562370366467906,43,5,2,False,False,"[0.8320513924478329, 1.2804226808457484]"
10,40.0,Pooled,D7,endothelial,1.3590015050157813,0.4425470538077339,110,6,2,False,False,"[0.22965431936941336, 0.6554397882460544]"
10,40.0,Pooled,D7,endothelial+immune,2.176919035891964,1.1222877517203023,41,6,2,False,False,"[0.43389792456199444, 1.81067757887861]"
10,40.0,Pooled,D7,endothelial+immune+stromal,1.1739512514684867,0.23137250152729882,290,6,2,False,False,"[0.07928616269713878, 0.38345884035745886]"
10,40.0,Pooled,D7,endothelial+stromal,1.9289765238907368,0.9478355855474578,67,6,2,False,False,"[0.7998324675714023, 1.0958387035235133]"
10,40.0,Pooled,D7,immune,2.908945864623983,1.5404964481861607,28,6,2,False,False,"[0.6205864104518775, 2.4604064859204438]"
10,40.0,Pooled,D7,immune+stromal,1.5457623524882758,0.6283185345016881,92,6,2,False,False,"[0.46399019489417653, 0.7926468741091997]"
10,40.0,Pooled,D7,none,1.207530240679084,0.2720593195218725,124,6,2,False,False,"[-0.054911761897506885, 0.5990304009412519]"
10,40.0,Pooled,D7,stromal,1.4444686471147798,0.5305388898541247,35,5,2,False,False,"[0.874469117916141, 0.18660866179210833]"
10,40.0,Pooled,Sham,endothelial,1.0094288794273991,0.01353926736883769,72,5,2,False,False,"[0.16635838642212003, -0.13927985168444465]"
10,40.0,Pooled,Sham,endothelial+immune,1.5295501338416275,0.613107394676007,28,6,2,False,False,"[0.5148851726818788, 0.7113296166701351]"
10,40.0,Pooled,Sham,endothelial+immune+stromal,1.0622956399202852,0.08718532818608972,223,6,2,False,False,"[0.11057378480245521, 0.06379687156972423]"
10,40.0,Pooled,Sham,endothelial+stromal,1.1513990264496334,0.20338789751570646,39,6,2,False,False,"[-0.3202432395243151, 0.727019034555728]"
10,40.0,Pooled,Sham,immune,1.1611568217324468,0.21556283065053283,29,6,2,False,False,"[-0.597850818187867, 1.0289764794889327]"
10,40.0,Pooled,Sham,immune+stromal,1.6421238535676566,0.7155629433089592,38,6,2,False,False,"[0.39786817506042094, 1.0332577115574975]"
10,40.0,Pooled,Sham,none,1.0430231714349014,0.06077120861788289,267,6,2,False,False,"[0.04762458976742343, 0.07391782746834234]"
10,40.0,Pooled,Sham,stromal,1.421635363140124,0.5075514739246025,35,4,2,False,False,"[0.8224578699068091, 0.19264507794239583]"
20,10.0,Cortex,D1,endothelial,1.1763422159636814,0.23430782331405228,1155,3,2,False,False,"[0.14919803646612345, 0.3194176101619811]"
20,10.0,Cortex,D1,endothelial+immune,1.1741531509076109,0.23162059894580012,725,3,2,False,False,"[0.18632740026352287, 0.2769137976280774]"
20,10.0,Cortex,D1,endothelial+immune+stromal,1.2336709991368149,0.30295770145755196,1804,3,2,False,False,"[0.2806133345977655, 0.3253020683173384]"
20,10.0,Cortex,D1,endothelial+stromal,1.4110635484335254,0.4967829623826659,813,3,2,False,False,"[0.37405099050066193, 0.6195149342646699]"
20,10.0,Cortex,D1,immune,1.3665684412937427,0.4505577155819086,501,3,2,False,False,"[0.305300729528627, 0.5958147016351901]"
20,10.0,Cortex,D1,immune+stromal,1.9475866827197006,0.9616875408398606,355,3,2,False,False,"[0.794177644833501, 1.1291974368462203]"
20,10.0,Cortex,D1,none,1.2526436163425514,0.32497601875560855,1463,3,2,False,False,"[0.2077610721827211, 0.44219096532849606]"
20,10.0,Cortex,D1,stromal,1.3770416447408271,0.4615721903752562,340,3,2,False,False,"[0.46149948848846223, 0.46164489226205024]"
20,10.0,Cortex,D3,endothelial,1.3727669537332297,0.4570867287404319,1055,3,2,False,False,"[0.5089748318200409, 0.4051986256608228]"
20,10.0,Cortex,D3,endothelial+immune,1.4243791946950315,0.5103332681307193,704,3,2,False,False,"[0.30763349900611464, 0.713033037255324]"
20,10.0,Cortex,D3,endothelial+immune+stromal,1.1728043674582118,0.22996238111042955,2436,3,2,False,False,"[0.24342336055178648, 0.21650140166907264]"
20,10.0,Cortex,D3,endothelial+stromal,1.639239079537818,0.7130262837903452,746,3,2,False,False,"[1.0705373345640992, 0.3555152330165911]"
20,10.0,Cortex,D3,immune,2.166405220558592,1.1153031206064727,301,3,2,False,False,"[1.4690707057728742, 0.7615355354400712]"
20,10.0,Cortex,D3,immune+stromal,2.564329277015157,1.358581525535429,452,3,2,False,False,"[1.4451834665472187, 1.271979584523639]"
20,10.0,Cortex,D3,none,1.4268079179271045,0.5127911270306735,1245,3,2,False,False,"[0.6604435248261138, 0.36513872923523316]"
20,10.0,Cortex,D3,stromal,2.499895304110217,1.3218676759258337,260,3,2,False,False,"[2.163895772682122, 0.4798395791695452]"
20,10.0,Cortex,D7,endothelial,2.574689476985821,1.364398445101023,759,3,2,False,False,"[0.9319352191485845, 1.7968616710534613]"
20,10.0,Cortex,D7,endothelial+immune,1.7329736322341125,0.7932497035837812,548,3,2,False,False,"[0.5272406715047893, 1.0592587356627732]"
20,10.0,Cortex,D7,endothelial+immune+stromal,1.2586225324231284,0.3318456760252428,3173,3,2,False,False,"[0.2703607315653064, 0.3933306204851792]"
20,10.0,Cortex,D7,endothelial+stromal,3.279961309328864,1.7136787968041527,393,3,2,False,False,"[1.1802388425685133, 2.247118751039792]"
20,10.0,Cortex,D7,immune,1.7859187478147007,0.8366664450776566,248,3,2,False,False,"[0.6126915388154776, 1.0606413513398356]"
20,10.0,Cortex,D7,immune+stromal,2.2459500466716458,1.1673258403740747,895,3,2,False,False,"[1.256749835491828, 1.0779018452563216]"
20,10.0,Cortex,D7,none,2.005233179514183,1.0037700109287588,1111,3,2,False,False,"[0.9478370680450381, 1.0597029538124796]"
20,10.0,Cortex,D7,stromal,2.6565276559860433,1.4095417321771526,142,3,2,False,False,"[1.2957824715229433, 1.523300992831362]"
20,10.0,Cortex,Sham,endothelial,1.264117858278067,0.3381309774601322,951,3,2,False,False,"[0.3188628848127659, 0.35739907010749855]"
20,10.0,Cortex,Sham,endothelial+immune,1.1127802871262764,0.1541687679141906,637,3,2,False,False,"[0.1540928996706306, 0.15424463615775058]"
20,10.0,Cortex,Sham,endothelial+immune+stromal,1.402192163043761,0.4876840766472311,1440,3,2,False,False,"[0.5800382875688423, 0.3953298657256199]"
20,10.0,Cortex,Sham,endothelial+stromal,1.3339469134300763,0.41570125328778085,596,3,2,False,False,"[0.4028324960583547, 0.428570010517207]"
20,10.0,Cortex,Sham,immune,1.2914795439728244,0.36902479247435427,658,3,2,False,False,"[0.212585891555836, 0.5254636933928726]"
20,10.0,Cortex,Sham,immune+stromal,1.6087861951910205,0.685972607209095,617,3,2,False,False,"[0.5924510457354993, 0.7794941686826907]"
20,10.0,Cortex,Sham,none,1.1345387523404,0.18210588785951248,1915,3,2,False,False,"[0.19295820337437783, 0.1712535723446471]"
20,10.0,Cortex,Sham,stromal,1.4456356395865708,0.5317039788448967,385,3,2,False,False,"[0.5862705516667771, 0.4771374060230163]"
20,10.0,Medulla,D1,endothelial,1.3519265251137755,0.4350167457514263,960,3,2,False,False,"[0.3762706921913837, 0.4937627993114689]"
20,10.0,Medulla,D1,endothelial+immune,1.447829021291815,0.5338912400600334,524,3,2,False,False,"[0.43825542258366074, 0.629527057536406]"
20,10.0,Medulla,D1,endothelial+immune+stromal,1.3105165828822674,0.3901356092105093,1861,3,2,False,False,"[0.5228893633797087, 0.25738185504130995]"
20,10.0,Medulla,D1,endothelial+stromal,1.320905005401347,0.4015267170281388,1119,3,2,False,False,"[0.4697018146353341, 0.3333516194209435]"
20,10.0,Medulla,D1,immune,1.5645317505329066,0.6457309368604398,373,3,2,False,False,"[0.9083440962869624, 0.38311777743391706]"
20,10.0,Medulla,D1,immune+stromal,2.096312457228819,1.0678537678764233,560,3,2,False,False,"[0.8899937375788635, 1.2457137981739832]"
20,10.0,Medulla,D1,none,1.4437345837762288,0.529805541487429,1428,3,2,False,False,"[0.6657696959947618, 0.3938413869800961]"
20,10.0,Medulla,D1,stromal,1.6443854361006955,0.7175484994917758,479,3,2,False,False,"[0.7994922312713065, 0.635604767712245]"
20,10.0,Medulla,D3,endothelial,1.4718865929849807,0.5576665178344313,989,3,2,False,False,"[0.5233545377101065, 0.5919784979587561]"
20,10.0,Medulla,D3,endothelial+immune,1.5963116345053459,0.6747423242841877,626,3,2,False,False,"[0.7218648772114059, 0.6276197713569696]"
20,10.0,Medulla,D3,endothelial+immune+stromal,1.1421628609533316,0.19176837919248524,2135,3,2,False,False,"[0.1851686039038616, 0.19836815448110887]"
20,10.0,Medulla,D3,endothelial+stromal,1.3624152399799636,0.44616647820935224,802,3,2,False,False,"[0.4017119128490105, 0.490621043569694]"
20,10.0,Medulla,D3,immune,2.0755971902986787,1.0535264880383906,367,3,2,False,False,"[0.8588155721710677, 1.2482374039057134]"
20,10.0,Medulla,D3,immune+stromal,1.9373110373273226,0.9540555987452624,584,3,2,False,False,"[0.7037443472825406, 1.204366850207984]"
20,10.0,Medulla,D3,none,1.3285476678656303,0.4098499921939548,1295,3,2,False,False,"[0.3206088455710724, 0.4990911388168372]"
20,10.0,Medulla,D3,stromal,1.916741251563086,0.93865559507496,409,3,2,False,False,"[0.5723911947372158, 1.3049199954127042]"
20,10.0,Medulla,D7,endothelial,1.823766175626411,0.8669207739718249,901,3,2,False,False,"[0.6888737737803825, 1.0449677741632672]"
20,10.0,Medulla,D7,endothelial+immune,1.8388327849315886,0.8787902936061447,1011,3,2,False,False,"[0.8544683159610656, 0.9031122712512238]"
20,10.0,Medulla,D7,endothelial+immune+stromal,1.2850587756607237,0.3618343465125762,2470,3,2,False,False,"[0.28692570717162513, 0.4367429858535272]"
20,10.0,Medulla,D7,endothelial+stromal,2.168940035037227,1.116990167187088,471,3,2,False,False,"[0.7150239943026324, 1.518956340071544]"
20,10.0,Medulla,D7,immune,2.1353469885695544,1.094470523247788,462,3,2,False,False,"[0.7438950983764665, 1.4450459481191098]"
20,10.0,Medulla,D7,immune+stromal,2.005269942177432,1.003796460134931,852,3,2,False,False,"[0.9278155469917957, 1.0797773732780662]"
20,10.0,Medulla,D7,none,1.681435921651435,0.7496937998117468,1011,3,2,False,False,"[0.5951680314046205, 0.9042195682188732]"
20,10.0,Medulla,D7,stromal,2.6990262473995603,1.432439006745134,249,3,2,False,False,"[0.9960732078525042, 1.8688048056377637]"
20,10.0,Medulla,Sham,endothelial,1.3080503468987683,0.3874180712819383,1081,3,2,False,False,"[0.5354142990285065, 0.23942184353537016]"
20,10.0,Medulla,Sham,endothelial+immune,1.3567985116597656,0.44020649245017895,535,3,2,False,False,"[0.6499136532984097, 0.2304993316019483]"
20,10.0,Medulla,Sham,endothelial+immune+stromal,1.4596720929317542,0.5456443122330397,1514,3,2,False,False,"[0.7824677559171318, 0.30882086854894747]"
20,10.0,Medulla,Sham,endothelial+stromal,1.315642219491836,0.3957672106971565,838,3,2,False,False,"[0.5022793225217208, 0.28925509887259215]"
20,10.0,Medulla,Sham,immune,1.6422430927857767,0.715667697638513,505,3,2,False,False,"[0.9906549168794125, 0.4406804783976136]"
20,10.0,Medulla,Sham,immune+stromal,1.5041226371229843,0.5889222004970267,652,3,2,False,False,"[0.7800686025153404, 0.397775798478713]"
20,10.0,Medulla,Sham,none,1.3373616519962008,0.41938965465211214,1705,3,2,False,False,"[0.5860010109555216, 0.2527782983487027]"
20,10.0,Medulla,Sham,stromal,1.6064414291451803,0.6838683811067399,546,3,2,False,False,"[0.9854171554605148, 0.382319606752965]"
20,10.0,Pooled,D1,endothelial,1.257247190041963,0.3302683289847582,2115,6,2,False,False,"[0.22488892170787686, 0.4356477362616396]"
20,10.0,Pooled,D1,endothelial+immune,1.3114350476051908,0.39114635596859926,1249,6,2,False,False,"[0.2703034077035688, 0.5119893042336298]"
20,10.0,Pooled,D1,endothelial+immune+stromal,1.2489337652673878,0.3206969684958664,3665,6,2,False,False,"[0.36137201085841325, 0.28002192613331944]"
20,10.0,Pooled,D1,endothelial+stromal,1.3354602129954467,0.4173369947905358,1932,6,2,False,False,"[0.40593459854555264, 0.428739391035519]"
20,10.0,Pooled,D1,immune,1.3949041278617498,0.48016596864120675,874,6,2,False,False,"[0.5063151851147388, 0.45401675216767473]"
20,10.0,Pooled,D1,immune+stromal,2.0229990981429617,1.0164956767400086,915,6,2,False,False,"[0.8261163424152884, 1.2068750110647288]"
20,10.0,Pooled,D1,none,1.3060356369197537,0.3851942632748153,2891,6,2,False,False,"[0.36043061345340127, 0.40995791309622936]"
20,10.0,Pooled,D1,stromal,1.4905977006557656,0.5758909393224618,819,6,2,False,False,"[0.5741637360827436, 0.57761814256218]"
20,10.0,Pooled,D3,endothelial,1.407378074648249,0.49300994275344256,2044,6,2,False,False,"[0.5185613024134179, 0.4674585830934673]"
20,10.0,Pooled,D3,endothelial+immune,1.5520498004705252,0.6341748498827573,1330,6,2,False,False,"[0.5837877511429754, 0.6845619486225392]"
20,10.0,Pooled,D3,endothelial+immune+stromal,1.1547030766912934,0.207521921029794,4571,6,2,False,False,"[0.2045868561198366, 0.21045698593975137]"
20,10.0,Pooled,D3,endothelial+stromal,1.4266209962447578,0.512602111644166,1548,6,2,False,False,"[0.6246537200873733, 0.4005505032009587]"
20,10.0,Pooled,D3,immune,1.9903218176534556,0.9930017208168109,668,6,2,False,False,"[1.0622339500383366, 0.9237694915952853]"
20,10.0,Pooled,D3,immune+stromal,2.143794120976501,1.1001663633945937,1036,6,2,False,False,"[0.9508907203707667, 1.2494420064184206]"
20,10.0,Pooled,D3,none,1.3396334474038425,0.42183830220926033,2540,6,2,False,False,"[0.4338870719894195, 0.4097895324291012]"
20,10.0,Pooled,D3,stromal,1.9037968666619576,0.9288795526513914,669,6,2,False,False,"[1.1028927207188512, 0.7548663845839316]"
20,10.0,Pooled,D7,endothelial,2.104178222681273,1.0732569052429244,1660,6,2,False,False,"[0.8509147373591839, 1.2955990731266651]"
20,10.0,Pooled,D7,endothelial+immune,1.7359661575073304,0.7957388228559775,1559,6,2,False,False,"[0.6363165529902147, 0.9551610927217403]"
20,10.0,Pooled,D7,endothelial+immune+stromal,1.2737457156279113,0.3490772937490786,5643,6,2,False,False,"[0.27588239010074594, 0.42227219739741123]"
20,10.0,Pooled,D7,endothelial+stromal,2.627010897425293,1.3934221851037565,864,6,2,False,False,"[1.0251672264798863, 1.7616771437276268]"
20,10.0,Pooled,D7,immune,1.9816038416599313,0.9866685705975795,710,6,2,False,False,"[0.6564260586691405, 1.3169110825260184]"
20,10.0,Pooled,D7,immune+stromal,2.163142390554046,1.113128634964651,1747,6,2,False,False,"[1.147105072658484, 1.079152197270818]"
20,10.0,Pooled,D7,none,1.8572448723324728,0.8931640429574872,2122,6,2,False,False,"[0.8302807224982324, 0.9560473634167419]"
20,10.0,Pooled,D7,stromal,2.779370426950852,1.4747581258342135,391,6,2,False,False,"[1.195879383632797, 1.75363686803563]"
20,10.0,Pooled,Sham,endothelial,1.2612874773975546,0.33489713763871287,2032,6,2,False,False,"[0.3910466895513461, 0.27874758572607966]"
20,10.0,Pooled,Sham,endothelial+immune,1.1993259397545126,0.26222379200021967,1172,6,2,False,False,"[0.3193664842132236, 0.20508109978721575]"
20,10.0,Pooled,Sham,endothelial+immune+stromal,1.4069645599628569,0.49258598897972183,2954,6,2,False,False,"[0.6475147770182721, 0.33765720094117163]"
20,10.0,Pooled,Sham,endothelial+stromal,1.306618000810032,0.38583742048347025,1434,6,2,False,False,"[0.43598143821281005, 0.33569340275413045]"
20,10.0,Pooled,Sham,immune,1.385533786558003,0.4704418916965307,1163,6,2,False,False,"[0.4719422333303615, 0.46894155006269994]"
20,10.0,Pooled,Sham,immune+stromal,1.5052496096263472,0.590002743271076,1269,6,2,False,False,"[0.6549902313287798, 0.5250152552133723]"
20,10.0,Pooled,Sham,none,1.2098162392786989,0.27478793112438826,3620,6,2,False,False,"[0.3239724725680924, 0.22560338968068416]"
20,10.0,Pooled,Sham,stromal,1.4810521898407718,0.5666224797205026,931,6,2,False,False,"[0.719319419598023, 0.41392553984298214]"
20,20.0,Cortex,D1,endothelial,1.103699195929891,0.14234703110872834,220,3,2,False,False,"[-0.029237744469612227, 0.31393180668706894]"
20,20.0,Cortex,D1,endothelial+immune,1.0717672654395687,0.09999165817509713,126,3,2,False,False,"[-0.10021437930304586, 0.3001976956532401]"
20,20.0,Cortex,D1,endothelial+immune+stromal,1.0708098996968896,0.0987023819486207,524,3,2,False,False,"[0.14325458613353295, 0.054150177763708444]"
20,20.0,Cortex,D1,endothelial+stromal,1.181933215010653,0.2411485185145837,137,3,2,False,False,"[0.08298074220915214, 0.39931629482001524]"
20,20.0,Cortex,D1,immune,1.268862744318584,0.34353601811475304,93,3,2,False,False,"[0.032100865941294715, 0.6549711702882114]"
20,20.0,Cortex,D1,immune+stromal,1.7359897666212616,0.7957584433536641,78,3,2,False,False,"[0.7953555708313079, 0.7961613158760202]"
20,20.0,Cortex,D1,none,1.073999122427121,0.10299281448667957,462,3,2,False,False,"[0.0818771332501654, 0.12410849572319377]"
20,20.0,Cortex,D1,stromal,1.3307235385247445,0.41221087851687477,80,3,2,False,False,"[0.32556978866282005, 0.4988519683709295]"
20,20.0,Cortex,D3,endothelial,1.0242966926090216,0.034633659633035684,228,3,2,False,False,"[-0.11087743312446392, 0.1801447523905353]"
20,20.0,Cortex,D3,endothelial+immune,1.2337136455408273,0.3030075726891974,122,3,2,False,False,"[0.32403987136721435, 0.2819752740111805]"
20,20.0,Cortex,D3,endothelial+immune+stromal,1.0287059092537718,0.040830597486194095,728,3,2,False,False,"[0.057047990671499973, 0.024613204300888224]"
20,20.0,Cortex,D3,endothelial+stromal,1.1577874888136122,0.21137047183309918,146,3,2,False,False,"[0.0637573648882598, 0.3589835787779386]"
20,20.0,Cortex,D3,immune,1.3021048558221244,0.38084563044171493,38,3,2,False,False,"[0.3164354110105002, 0.4452558498729297]"
20,20.0,Cortex,D3,immune+stromal,1.7067537973607378,0.7712549617374714,95,3,2,False,False,"[0.4957591104550622, 1.0467508130198806]"
20,20.0,Cortex,D3,none,0.9938822936305753,-0.008853092647777134,285,3,2,False,False,"[0.008063639599043335, -0.025769824894597605]"
20,20.0,Cortex,D3,stromal,1.1451323327916065,0.1955143274318663,62,3,2,False,False,"[0.47194932325270134, -0.08092066838896869]"
20,20.0,Cortex,D7,endothelial,1.971284423988893,0.9791359486160051,180,3,2,False,False,"[0.7673824654840664, 1.1908894317479437]"
20,20.0,Cortex,D7,endothelial+immune,1.8430669243733935,0.8821084582223581,97,3,2,False,False,"[1.063663713243291, 0.7005532032014252]"
20,20.0,Cortex,D7,endothelial+immune+stromal,1.123353133804242,0.16781152017211698,941,3,2,False,False,"[0.09294587959646623, 0.24267716074776774]"
20,20.0,Cortex,D7,endothelial+stromal,3.261214225612178,1.7054092132658072,91,3,2,False,False,"[1.3832809815133291, 2.0275374450182855]"
20,20.0,Cortex,D7,immune,0.6215166933624195,-0.6861349536373635,47,3,2,False,False,"[-1.5044311624091442, 0.1321612551344171]"
20,20.0,Cortex,D7,immune+stromal,1.9068793498069274,0.9312135657578355,189,3,2,False,False,"[1.0921485601660634, 0.7702785713496075]"
20,20.0,Cortex,D7,none,1.4192655742158027,0.50514457301714,210,3,2,False,False,"[0.3520380956552352, 0.6582510503790447]"
20,20.0,Cortex,D7,stromal,,,21,3,1,False,True,[0.7796099315746999]
20,20.0,Cortex,Sham,endothelial,1.144888384691614,0.19520695666204074,240,3,2,False,False,"[0.1836459948618864, 0.20676791846219508]"
20,20.0,Cortex,Sham,endothelial+immune,1.062616026344231,0.08762037677266005,128,3,2,False,False,"[0.1015896222276445, 0.07365113131767559]"
20,20.0,Cortex,Sham,endothelial+immune+stromal,1.1270630093992446,0.17256817283645032,452,3,2,False,False,"[0.1996153084495189, 0.14552103722338175]"
20,20.0,Cortex,Sham,endothelial+stromal,1.1634537698062524,0.21841388595053624,95,3,2,False,False,"[0.3123159532295543, 0.12451181867151818]"
20,20.0,Cortex,Sham,immune,1.2057702478271526,0.26995503667625864,102,3,2,False,False,"[0.0245058995926965, 0.5154041737598208]"
20,20.0,Cortex,Sham,immune+stromal,1.3541195431098443,0.43735510718385306,123,3,2,False,False,"[0.0641528602717581, 0.810557354095948]"
20,20.0,Cortex,Sham,none,1.0242079855864612,0.034508712706643914,494,3,2,False,False,"[0.04775760426663979, 0.02125982114664804]"
20,20.0,Cortex,Sham,stromal,1.2190054640110766,0.28570459263902465,76,3,2,False,False,"[0.2609254343167443, 0.310483750961305]"
20,20.0,Medulla,D1,endothelial,1.0689763876078613,0.09622998602634382,140,3,2,False,False,"[0.05968241665036907, 0.13277755540231856]"
20,20.0,Medulla,D1,endothelial+immune,1.3596393461327407,0.4432240172490859,84,3,2,False,False,"[0.2582173895360179, 0.6282306449621539]"
20,20.0,Medulla,D1,endothelial+immune+stromal,1.2049934018727486,0.26902524677762174,551,3,2,False,False,"[0.4159148530595011, 0.12213564049574235]"
20,20.0,Medulla,D1,endothelial+stromal,1.1998195248359718,0.26281741399591313,192,3,2,False,False,"[0.3591544182635445, 0.16648040972828174]"
20,20.0,Medulla,D1,immune,1.246354177371429,0.3177140983210871,113,3,2,False,False,"[0.25962558392882623, 0.3758026127133479]"
20,20.0,Medulla,D1,immune+stromal,1.823236102656575,0.8665013974033866,145,3,2,False,False,"[0.6913763322646974, 1.0416264625420757]"
20,20.0,Medulla,D1,none,1.2045777134290845,0.268527472166721,431,3,2,False,False,"[0.5050514111971663, 0.032003533136275686]"
20,20.0,Medulla,D1,stromal,1.3123978100438198,0.3922050915919841,117,3,2,False,False,"[0.8050949429402056, -0.020684759756237427]"
20,20.0,Medulla,D3,endothelial,1.2684160549363772,0.34302804353712724,164,3,2,False,False,"[0.34113671451123323, 0.3449193725630213]"
20,20.0,Medulla,D3,endothelial+immune,1.3559971827872506,0.4393541811415985,161,3,2,False,False,"[0.6090102261683922, 0.2696981361148048]"
20,20.0,Medulla,D3,endothelial+immune+stromal,1.0354234666487536,0.05022092065949435,565,3,2,False,False,"[0.04866076541538547, 0.05178107590360324]"
20,20.0,Medulla,D3,endothelial+stromal,1.4870495914182913,0.5724527604369012,137,3,2,False,False,"[0.7410924592572128, 0.40381306161658964]"
20,20.0,Medulla,D3,immune,1.8275096770878976,0.869879045603024,89,3,2,False,False,"[0.8392937647569624, 0.9004643264490856]"
20,20.0,Medulla,D3,immune+stromal,1.0911367206517266,0.12583188429042197,131,3,2,False,False,"[0.4245927008804419, -0.17292893229959794]"
20,20.0,Medulla,D3,none,1.0919321832598714,0.12688325743647047,330,3,2,False,False,"[0.1808833314929853, 0.07288318337995564]"
20,20.0,Medulla,D3,stromal,1.5745349219160611,0.6549257556418863,90,3,2,False,False,"[0.7678411557471632, 0.5420103555366094]"
20,20.0,Medulla,D7,endothelial,1.5870996716666272,0.6663927339095758,223,3,2,False,False,"[0.25825405527185175, 1.0745314125472998]"
20,20.0,Medulla,D7,endothelial+immune,1.861840600986806,0.8967295637615751,244,3,2,False,False,"[0.8174904847966163, 0.9759686427265337]"
20,20.0,Medulla,D7,endothelial+immune+stromal,1.2255349866814391,0.29341167097857435,667,3,2,False,False,"[0.23169111454818467, 0.35513222740896405]"
20,20.0,Medulla,D7,endothelial+stromal,1.8788752891663358,0.9098693106790708,134,3,2,False,False,"[0.8026803900069055, 1.0170582313512362]"
20,20.0,Medulla,D7,immune,1.5703040948538227,0.6510439690884782,100,3,2,False,False,"[0.08374209081641462, 1.2183458473605417]"
20,20.0,Medulla,D7,immune+stromal,1.5936077915847526,0.6722966062668767,183,3,2,False,False,"[0.5267641582081405, 0.8178290543256129]"
20,20.0,Medulla,D7,none,1.3716686632365178,0.45593202988151144,220,3,2,False,False,"[0.3512224016814004, 0.5606416580816225]"
20,20.0,Medulla,D7,stromal,3.03568163627258,1.6020204976524943,54,3,2,False,False,"[1.6316239394852825, 1.5724170558197064]"
20,20.0,Medulla,Sham,endothelial,1.0723188748542338,0.10073398300024948,202,3,2,False,False,"[-0.03244770874976748, 0.23391567475026645]"
20,20.0,Medulla,Sham,endothelial+immune,1.2036274974535655,0.2673889712278451,118,3,2,False,False,"[0.478116583304184, 0.05666135915150618]"
20,20.0,Medulla,Sham,endothelial+immune+stromal,1.2549596481921135,0.3276409766947381,411,3,2,False,False,"[0.41274279371059885, 0.2425391596788773]"
20,20.0,Medulla,Sham,endothelial+stromal,1.36438403254323,0.448249776228207,162,3,2,False,False,"[0.5907867346334823, 0.3057128178229317]"
20,20.0,Medulla,Sham,immune,1.6061044886988336,0.683565753642272,113,3,2,False,False,"[0.9453302458193443, 0.4218012614651997]"
20,20.0,Medulla,Sham,immune+stromal,1.3476890882110295,0.43048770524940405,131,3,2,False,False,"[0.7356665839871028, 0.12530882651170533]"
20,20.0,Medulla,Sham,none,1.2703684392153602,0.3452469760057541,538,3,2,False,False,"[0.535764339265981, 0.1547296127455272]"
20,20.0,Medulla,Sham,stromal,1.6177749100070258,0.694010891570891,116,3,2,False,False,"[1.3186267317971112, 0.0693950513446709]"
20,20.0,Pooled,D1,endothelial,1.0693857129784359,0.09678230753380845,360,6,2,False,False,"[0.000402309237048204, 0.1931623058305687]"
20,20.0,Pooled,D1,endothelial+immune,1.2050346265517073,0.2690746027512457,210,6,2,False,False,"[0.01926287697664207, 0.5188863285258493]"
20,20.0,Pooled,D1,endothelial+immune+stromal,1.1225716891917012,0.16680758068029336,1075,6,2,False,False,"[0.23414134177552234, 0.09947381958506439]"
20,20.0,Pooled,D1,endothelial+stromal,1.1563398760098558,0.20956550282640457,329,6,2,False,False,"[0.1750386342272829, 0.24409237142552623]"
20,20.0,Pooled,D1,immune,1.241138972030344,0.31166466505229246,206,6,2,False,False,"[0.10794243860380522, 0.5153868915007797]"
20,20.0,Pooled,D1,immune+stromal,1.8153532197015139,0.8602502858145807,223,6,2,False,False,"[0.7606958246424377, 0.9598047469867238]"
20,20.0,Pooled,D1,none,1.1040612468580024,0.14282020661554037,893,6,2,False,False,"[0.2229352258991657, 0.06270518733191505]"
20,20.0,Pooled,D1,stromal,1.2474247841879391,0.3189528281873834,197,6,2,False,False,"[0.48541150675528194, 0.15249414961948488]"
20,20.0,Pooled,D3,endothelial,1.1589091538835419,0.21276747887368241,392,6,2,False,False,"[0.19046533196600088, 0.23506962578136395]"
20,20.0,Pooled,D3,endothelial+immune,1.3158102910430547,0.39595150130686074,283,6,2,False,False,"[0.5140201079013329, 0.2778828947123886]"
20,20.0,Pooled,D3,endothelial+immune+stromal,1.0299418132089602,0.04256283433460843,1293,6,2,False,False,"[0.051456507167423636, 0.03366916150179323]"
20,20.0,Pooled,D3,endothelial+stromal,1.3609559925860282,0.44462041709585876,283,6,2,False,False,"[0.5153140944675618, 0.37392673972415563]"
20,20.0,Pooled,D3,immune,1.589897620028035,0.6689338675012413,127,6,2,False,False,"[0.665007646841475, 0.6728600881610076]"
20,20.0,Pooled,D3,immune+stromal,1.4582649530861047,0.5442528676593515,226,6,2,False,False,"[0.44831483740531536, 0.6401908979133878]"
20,20.0,Pooled,D3,none,1.0462268057184818,0.06519563936262907,615,6,2,False,False,"[0.12327676752833798, 0.007114511196920144]"
20,20.0,Pooled,D3,stromal,1.3176496066915933,0.3979667755842833,152,6,2,False,False,"[0.6692105449156759, 0.12672300625289065]"
20,20.0,Pooled,D7,endothelial,1.809379720774878,0.8554952071804213,403,6,2,False,False,"[0.5976729954133282, 1.1133174189475143]"
20,20.0,Pooled,D7,endothelial+immune,1.9090894920976604,0.9328847333229485,341,6,2,False,False,"[0.9816059704277328, 0.8841634962181643]"
20,20.0,Pooled,D7,endothelial+immune+stromal,1.171551803285425,0.22842074821780217,1608,6,2,False,False,"[0.13919429124703905, 0.31764720518856526]"
20,20.0,Pooled,D7,endothelial+stromal,2.4146532734206896,1.2718160434590535,225,6,2,False,False,"[1.1897474510111878, 1.3538846359069192]"
20,20.0,Pooled,D7,immune,1.0518798258466022,0.07296989041106772,147,6,2,False,False,"[-0.7103445357963648, 0.8562843166185002]"
20,20.0,Pooled,D7,immune+stromal,1.8060439398899433,0.8528329930901835,372,6,2,False,False,"[0.9036870928467557, 0.8019788933336112]"
20,20.0,Pooled,D7,none,1.3874849858116436,0.47247215992236,430,6,2,False,False,"[0.35176619766395695, 0.5931781221807632]"
20,20.0,Pooled,D7,stromal,2.7700000012874293,1.4698859769449935,75,6,2,False,False,"[1.6316239394852825, 1.3081480144047042]"
20,20.0,Pooled,Sham,endothelial,1.1236872794676716,0.16824059148945553,442,6,2,False,False,"[0.11161476032466844, 0.22486642265424264]"
20,20.0,Pooled,Sham,endothelial+immune,1.1055096457045381,0.1447116128966935,246,6,2,False,False,"[0.22709860925315764, 0.06232461654022931]"
20,20.0,Pooled,Sham,endothelial+immune+stromal,1.181343725545241,0.24042879453179553,863,6,2,False,False,"[0.2706578035365456, 0.21019978552704544]"
20,20.0,Pooled,Sham,endothelial+stromal,1.2528606992703386,0.32522601590166206,257,6,2,False,False,"[0.40513954703086363, 0.2453124847724605]"
20,20.0,Pooled,Sham,immune,1.3124157297663177,0.3922247902824929,215,6,2,False,False,"[0.33144734833491246, 0.45300223223007335]"
20,20.0,Pooled,Sham,immune+stromal,1.2490730778745687,0.32085788527499626,254,6,2,False,False,"[0.287990768176873, 0.35372500237311955]"
20,20.0,Pooled,Sham,none,1.1175451345765186,0.16033309907282717,1032,6,2,False,False,"[0.21042651593308684, 0.11023968221256748]"
20,20.0,Pooled,Sham,stromal,1.3028086849410003,0.38162524234687445,192,6,2,False,False,"[0.6134925334768666, 0.14975795121688226]"
20,40.0,Cortex,D1,endothelial,1.0902205093871393,0.12461996585051305,31,3,2,False,False,"[-0.07856472952300551, 0.3278046612240316]"
20,40.0,Cortex,D1,endothelial+immune,,,14,3,2,True,False,"[0.24586370589354, 1.4279413325094814]"
20,40.0,Cortex,D1,endothelial+immune+stromal,1.010719866519803,0.015383191914832114,154,3,2,False,False,"[0.0694058175944231, -0.038639433764758875]"
20,40.0,Cortex,D1,endothelial+stromal,1.3149644692735631,0.3950238180001985,30,3,2,False,False,"[0.32241314838711815, 0.46763448761327875]"
20,40.0,Cortex,D1,immune,,,6,3,1,True,True,[0.4506614090095652]
20,40.0,Cortex,D1,immune+stromal,,,7,2,2,True,False,"[-0.671674133914487, -0.3794135895481226]"
20,40.0,Cortex,D1,none,0.9240921465731678,-0.11389137660550425,95,3,2,False,False,"[-0.1338738503003746, -0.09390890291063388]"
20,40.0,Cortex,D1,stromal,,,12,3,2,True,False,"[0.20576961716724723, -0.023269779322847028]"
20,40.0,Cortex,D3,endothelial,0.7668836021975162,-0.38292047319010086,28,3,2,False,False,"[-0.8771432522144663, 0.11130230583426462]"
20,40.0,Cortex,D3,endothelial+immune,0.7672904064962851,-0.3821553780250473,26,3,2,False,False,"[-0.36257007938470825, -0.40174067666538626]"
20,40.0,Cortex,D3,endothelial+immune+stromal,1.009254354863835,0.01328981196274197,163,3,2,False,False,"[0.02849078957537298, -0.0019111656498890413]"
20,40.0,Cortex,D3,endothelial+stromal,,,21,3,1,False,True,[-0.11816557817278328]
20,40.0,Cortex,D3,immune,,,13,3,2,True,False,"[-0.5145731728297581, -0.6126374591640047]"
20,40.0,Cortex,D3,immune+stromal,,,11,3,2,True,False,"[0.29278174922784594, 0.7681843247769263]"
20,40.0,Cortex,D3,none,1.0716474027341236,0.09983030318067543,77,3,2,False,False,"[0.2500953501262957, -0.05043474376494482]"
20,40.0,Cortex,D3,stromal,,,12,3,1,True,True,[0.7541889708986806]
20,40.0,Cortex,D7,endothelial,1.072765348075818,0.10133454190146671,41,3,2,False,False,"[0.32846229792513476, -0.12579321412220135]"
20,40.0,Cortex,D7,endothelial+immune,,,8,3,1,True,True,[-0.023269779322847028]
20,40.0,Cortex,D7,endothelial+immune+stromal,1.0253915976988481,0.03617498111206619,167,3,2,False,False,"[0.07303192633084613, -0.0006819641067137483]"
20,40.0,Cortex,D7,endothelial+stromal,1.7215745080317195,0.7837286206648737,22,3,2,False,False,"[-0.13865770096469315, 1.7061149422944406]"
20,40.0,Cortex,D7,immune,,,9,3,2,True,False,"[1.2055489111730333, 0.4025857582325873]"
20,40.0,Cortex,D7,immune+stromal,1.38799605117296,0.47300346347720296,68,3,2,False,False,"[0.5575010104246868, 0.3885059165297191]"
20,40.0,Cortex,D7,none,1.167322844533653,0.22320361999440327,60,3,2,False,False,"[-0.06720983063252456, 0.5136170706213311]"
20,40.0,Cortex,D7,stromal,,,4,2,0,True,True,[]
20,40.0,Cortex,Sham,endothelial,1.0151503520506304,0.021693418143267775,38,3,2,False,False,"[0.07324898203063876, -0.02986214574410321]"
20,40.0,Cortex,Sham,endothelial+immune,,,17,3,2,True,False,"[0.014885172681878833, 0.5733745264459443]"
20,40.0,Cortex,Sham,endothelial+immune+stromal,0.9575848533590925,-0.06252776231829585,123,3,2,False,False,"[-0.02572309050855183, -0.09933243412803985]"
20,40.0,Cortex,Sham,endothelial+stromal,,,16,3,2,True,False,"[-0.5061853873370391, 0.09169983413681018]"
20,40.0,Cortex,Sham,immune,,,13,3,2,True,False,"[-1.061400544664143, -1.5376567859427994]"
20,40.0,Cortex,Sham,immune+stromal,,,18,3,2,True,False,"[0.16707663913328186, 0.46234321405720047]"
20,40.0,Cortex,Sham,none,1.0608989554124804,0.08528725430423748,106,3,2,False,False,"[-0.05579619584222903, 0.22637070445070398]"
20,40.0,Cortex,Sham,stromal,,,9,1,1,True,True,[0.27117479442272735]
20,40.0,Medulla,D1,endothelial,,,25,3,1,False,True,[0.4682821131570118]
20,40.0,Medulla,D1,endothelial+immune,,,17,3,2,True,False,"[0.05204674776959529, -0.06146190953966174]"
20,40.0,Medulla,D1,endothelial+immune+stromal,1.1672726125788269,0.22314153695392422,123,3,2,False,False,"[0.2592136291528839, 0.18706944475496456]"
20,40.0,Medulla,D1,endothelial+stromal,1.004320720288859,0.006220053833213585,35,3,2,False,False,"[0.40756425234540394, -0.3951241446789768]"
20,40.0,Medulla,D1,immune,,,4,2,2,True,False,"[1.6667565918848035, 1.6667565918848035]"
20,40.0,Medulla,D1,immune+stromal,,,18,3,2,True,False,"[-0.163318406672884, 0.5748341024437643]"
20,40.0,Medulla,D1,none,1.123542431899925,0.16805461061984958,127,3,2,False,False,"[0.18317523351867193, 0.15293398772102723]"
20,40.0,Medulla,D1,stromal,1.3042929232292104,0.38326791207829314,24,3,2,False,False,"[0.5464623581670918, 0.2200734659894945]"
20,40.0,Medulla,D3,endothelial,1.120595265166402,0.16426530189689065,30,3,2,False,False,"[-0.33831986770978895, 0.6668504715035702]"
20,40.0,Medulla,D3,endothelial+immune,,,16,3,2,True,False,"[0.23878685958711676, -0.2566366346356432]"
20,40.0,Medulla,D3,endothelial+immune+stromal,0.988430265830834,-0.01678890808191314,154,3,2,False,False,"[-0.026750311032393722, -0.006827505131432561]"
20,40.0,Medulla,D3,endothelial+stromal,0.8247423921435477,-0.2779845302116137,30,3,2,False,False,"[-0.054219927951052835, -0.5017491324721746]"
20,40.0,Medulla,D3,immune,,,4,3,1,True,True,[1.560714954474479]
20,40.0,Medulla,D3,immune+stromal,,,15,3,1,True,True,[-0.12091949065965213]
20,40.0,Medulla,D3,none,0.9343972183020073,-0.09789211556227552,80,3,2,False,False,"[0.18328238157279494, -0.379066612697346]"
20,40.0,Medulla,D3,stromal,,,31,2,1,False,True,[0.6623339858285502]
20,40.0,Medulla,D7,endothelial,1.214834376672359,0.2807596387357435,69,3,2,False,False,"[0.047386229053617654, 0.5141330484178693]"
20,40.0,Medulla,D7,endothelial+immune,2.4130762566737713,1.2708735075083881,33,3,2,False,False,"[0.932885804141463, 1.608861210875313]"
20,40.0,Medulla,D7,endothelial+immune+stromal,1.082615435306402,0.11452086242554241,123,3,2,False,False,"[-0.08600251789722148, 0.3150442427483063]"
20,40.0,Medulla,D7,endothelial+stromal,1.4576850916656983,0.5436790833394478,45,3,2,False,False,"[0.8517490414160576, 0.23560912526283795]"
20,40.0,Medulla,D7,immune,,,19,3,1,True,True,[1.7306906766017955]
20,40.0,Medulla,D7,immune+stromal,0.7536072840473623,-0.4081151853928486,24,3,2,False,False,"[-0.9213901653036335, 0.10515979451793636]"
20,40.0,Medulla,D7,none,1.107359371306053,0.14712349588961338,64,3,2,False,False,"[-0.1303080223457309, 0.42455501412495766]"
20,40.0,Medulla,D7,stromal,1.6608471783909748,0.731919330903787,31,3,2,False,False,"[1.011972641666076, 0.45186602014149824]"
20,40.0,Medulla,Sham,endothelial,,,34,2,1,False,True,[-0.11276587619982445]
20,40.0,Medulla,Sham,endothelial+immune,,,11,3,1,True,True,[0.07278841214280854]
20,40.0,Medulla,Sham,endothelial+immune+stromal,1.1960505383633797,0.2582783509957064,100,3,2,False,False,"[0.390865753661604, 0.1256909483298088]"
20,40.0,Medulla,Sham,endothelial+stromal,0.8108407088353198,-0.3025095727321435,23,3,2,False,False,"[-0.9643760902692787, 0.35935694480499175]"
20,40.0,Medulla,Sham,immune,,,16,3,2,True,False,"[0.6205864104518775, 1.8300749985576876]"
20,40.0,Medulla,Sham,immune+stromal,1.3735254306384923,0.4578836219655671,20,3,2,False,False,"[0.6730538303460132, 0.24271341358512094]"
20,40.0,Medulla,Sham,none,1.0972309797653546,0.13386726164341212,161,3,2,False,False,"[0.2407383396353337, 0.026996183651490563]"
20,40.0,Medulla,Sham,stromal,0.9165560350670809,-0.12570501003910484,26,3,2,False,False,"[1.135159583281636, -1.3865696033598456]"
20,40.0,Pooled,D1,endothelial,1.1261865165148437,0.17144578316150644,56,6,2,False,False,"[-0.07856472952300551, 0.4214562958460184]"
20,40.0,Pooled,D1,endothelial+immune,1.2243198713568664,0.2919805323208101,31,6,2,False,False,"[0.14895522683156764, 0.4350058378100526]"
20,40.0,Pooled,D1,endothelial+immune+stromal,1.0884341443759717,0.12225412001448338,277,6,2,False,False,"[0.13267508811391002, 0.11183315191505676]"
20,40.0,Pooled,D1,endothelial+stromal,1.087962973139261,0.1216294578958276,65,6,2,False,False,"[0.3507968497065468, -0.10753793391489157]"
20,40.0,Pooled,D1,immune,,,10,5,2,True,False,"[1.6667565918848035, 1.0587090004471844]"
20,40.0,Pooled,D1,immune+stromal,0.8950914501936482,-0.15989300692293235,25,5,2,False,False,"[-0.4174962702936855, 0.09771025644782086]"
20,40.0,Pooled,D1,none,1.0148250952910962,0.021231100908223888,222,6,2,False,False,"[-0.02819082236069242, 0.0706530241771402]"
20,40.0,Pooled,D1,stromal,1.1557808358796013,0.20886785375025957,36,6,2,False,False,"[0.3193338641671954, 0.09840184333332375]"
20,40.0,Pooled,D3,endothelial,0.9261249029925485,-0.11072131741032415,58,6,2,False,False,"[-0.5179276625446815, 0.2964850277240332]"
20,40.0,Pooled,D3,endothelial+immune,0.8732458988574825,-0.1955401327746552,42,6,2,False,False,"[-0.061891609898795746, -0.3291886556505147]"
20,40.0,Pooled,D3,endothelial+immune+stromal,0.9958889072786307,-0.005943278153437518,317,6,2,False,False,"[-0.008336610829804822, -0.003549945477070214]"
20,40.0,Pooled,D3,endothelial+stromal,0.9011734121016308,-0.15012334544514994,51,6,2,False,False,"[-0.054219927951052835, -0.24602676293924705]"
20,40.0,Pooled,D3,immune,,,17,6,2,True,False,"[0.5230708908223605, -0.6126374591640047]"
20,40.0,Pooled,D3,immune+stromal,1.3127412902256388,0.39258262370655345,26,6,2,False,False,"[0.016980922636180562, 0.7681843247769263]"
20,40.0,Pooled,D3,none,1.0159203773745422,0.022787335507441678,157,6,2,False,False,"[0.20555337109062854, -0.1599787000757452]"
20,40.0,Pooled,D3,stromal,1.6338340763607502,0.7082614783636154,43,5,2,False,False,"[0.6623339858285502, 0.7541889708986806]"
20,40.0,Pooled,D7,endothelial,1.203968197840584,0.2677972846029041,110,6,2,False,False,"[0.2347702749679624, 0.3008242942378458]"
20,40.0,Pooled,D7,endothelial+immune,2.0446226553633675,1.0318346116423105,41,6,2,False,False,"[0.454808012409308, 1.608861210875313]"
20,40.0,Pooled,D7,endothelial+immune+stromal,1.0829084709582684,0.1149113093590616,290,6,2,False,False,"[0.020020444921490257, 0.20980217379663293]"
20,40.0,Pooled,D7,endothelial+stromal,1.3742341171561867,0.45862780538446457,67,6,2,False,False,"[0.1914778798288904, 0.7257777309400387]"
20,40.0,Pooled,D7,immune,2.3730935497621615,1.2467689741592132,28,6,2,False,False,"[1.2055489111730333, 1.2879890371453928]"
20,40.0,Pooled,D7,immune+stromal,1.0958671347625775,0.13207289351855533,92,6,2,False,False,"[0.06453728518191337, 0.19960850185519727]"
20,40.0,Pooled,D7,none,1.1352420254584652,0.18299990254341103,124,6,2,False,False,"[-0.08824256120359335, 0.4542423662904154]"
20,40.0,Pooled,D7,stromal,1.6608471783909748,0.731919330903787,35,5,2,False,False,"[1.011972641666076, 0.45186602014149824]"
20,40.0,Pooled,Sham,endothelial,0.9958903703503479,-0.005941158675305973,72,5,2,False,False,"[0.07324898203063876, -0.0851312993812507]"
20,40.0,Pooled,Sham,endothelial+immune,1.0922232793503976,0.1272678114628663,28,6,2,False,False,"[0.014885172681878833, 0.2396504502438538]"
20,40.0,Pooled,Sham,endothelial+immune+stromal,1.0584194700032976,0.08191150586267967,223,6,2,False,False,"[0.11313985754816676, 0.050683154177192574]"
20,40.0,Pooled,Sham,endothelial+stromal,0.8511165349956833,-0.23257141544378052,39,6,2,False,False,"[-0.7352807388031589, 0.2701379079155979]"
20,40.0,Pooled,Sham,immune,0.9746127623801931,-0.03709898039934434,29,6,2,False,False,"[-0.22040706710613278, 0.1462091063074441]"
20,40.0,Pooled,Sham,immune+stromal,1.2905573833948127,0.36799429090773084,38,6,2,False,False,"[0.4200652347396475, 0.3159233470758141]"
20,40.0,Pooled,Sham,none,1.0484452337778192,0.06825150328409346,267,6,2,False,False,"[0.043048649316958544, 0.09345435725122837]"
20,40.0,Pooled,Sham,stromal,0.789110254463128,-0.34170120725383196,35,4,2,False,False,"[0.7031671888521817, -1.3865696033598456]"
