{
  "n_superpixels": 2379,
  "thresholds_used": {
    "CD45": 1.6472311463710954,
    "CD11b": 2.4957832535303694,
    "Ly6G": 1.9332067124563068,
    "CD140a": 2.401822099793456,
    "CD140b": 2.541385632629093,
    "CD31": 2.668253255270807,
    "CD34": 2.23721985314801,
    "CD206": 2.09985285054696,
    "CD44": 2.571351507863772
  },
  "assignment_counts": {
    "neutrophil": 137,
    "activated_m2_cd44": 6,
    "activated_m2_cd140b": 1,
    "m2_macrophage": 16,
    "activated_myeloid_cd44": 3,
    "activated_myeloid_cd140b": 0,
    "myeloid": 10,
    "activated_immune": 3,
    "immune_cells": 45,
    "activated_endothelial_cd44": 7,
    "activated_endothelial_cd140b": 15,
    "endothelial": 40,
    "activated_fibroblast_cd44": 2,
    "activated_fibroblast_cd140b": 21,
    "fibroblast": 13,
    "unassigned": 2060
  },
  "ambiguity_rate": 0.0,
  "n_multi_assigned": 0,
  "unassigned_fraction": 0.8659100462379151
}