{
  "0": {
    "cell_type": "immune_cells",
    "confidence": 0.8333333333333334,
    "n_cells": 299,
    "marker_enrichment": {
      "CD45": 0.4223788938849465,
      "CD11b": 0.5883200698623352,
      "Ly6G": 0.452946100049623,
      "CD140a": 0.03375722569436874,
      "CD140b": 0.41128292022298435,
      "CD31": 0.3576983763669141,
      "CD34": 0.0660524908412012,
      "CD206": 0.3902167547248229,
      "CD44": 0.10196991714507785
    }
  },
  "1": {
    "cell_type": "activated_fibroblast_cd44",
    "confidence": 0.4,
    "n_cells": 216,
    "marker_enrichment": {
      "CD45": 0.8867061147180408,
      "CD11b": 0.8166881020882608,
      "Ly6G": 0.7589772041105356,
      "CD140a": 3.27110851424535,
      "CD140b": 0.9597839232784268,
      "CD31": 0.2184137611038666,
      "CD34": 1.170197835805829,
      "CD206": 0.9648725475536318,
      "CD44": 0.8054494123139441
    }
  },
  "2": {
    "cell_type": "activated_m2_cd44",
    "confidence": 0.5,
    "n_cells": 188,
    "marker_enrichment": {
      "CD45": 0.7697091399724345,
      "CD11b": 2.109567798272036,
      "Ly6G": 0.8914213749220367,
      "CD140a": 0.9430263672859982,
      "CD140b": 1.1011260349182632,
      "CD31": 1.0263592330537044,
      "CD34": 1.098766612109999,
      "CD206": 3.182390227571692,
      "CD44": 1.6329615447977466
    }
  },
  "3": {
    "cell_type": "neutrophil",
    "confidence": 0.5,
    "n_cells": 187,
    "marker_enrichment": {
      "CD45": 1.1715462046470786,
      "CD11b": 0.6214457935628427,
      "Ly6G": 1.745405861755572,
      "CD140a": 0.3487867498260235,
      "CD140b": 1.2570441298039774,
      "CD31": 2.2328005834896008,
      "CD34": 0.4825699150226821,
      "CD206": 0.6917325906514153,
      "CD44": 0.4318183455935955
    }
  },
  "4": {
    "cell_type": "activated_endothelial_cd44",
    "confidence": 0.5,
    "n_cells": 179,
    "marker_enrichment": {
      "CD45": 0.8458555919473365,
      "CD11b": 1.0135466637802026,
      "Ly6G": 1.9087138312409737,
      "CD140a": 1.6147371646368702,
      "CD140b": 2.7822989798640436,
      "CD31": 1.815193063576444,
      "CD34": 1.237287062108692,
      "CD206": 0.7690408785167502,
      "CD44": 2.656832923901445
    }
  },
  "5": {
    "cell_type": "immune_cells",
    "confidence": 0.8333333333333334,
    "n_cells": 167,
    "marker_enrichment": {
      "CD45": 0.32553325685431883,
      "CD11b": 0.3865199353440048,
      "Ly6G": 0.6730607262264898,
      "CD140a": 0.7400598137257388,
      "CD140b": 0.4847464629546765,
      "CD31": 0.4391901153275057,
      "CD34": 0.4959120880513491,
      "CD206": 0.4503876712575576,
      "CD44": 0.29331901540527594
    }
  },
  "6": {
    "cell_type": "activated_fibroblast_cd44",
    "confidence": 0.6,
    "n_cells": 165,
    "marker_enrichment": {
      "CD45": 0.4701684443958116,
      "CD11b": 0.434321897036841,
      "Ly6G": 0.6806943121296225,
      "CD140a": 0.3412879181293323,
      "CD140b": 0.9011183094865114,
      "CD31": 0.3140564526908744,
      "CD34": 0.4303215957076904,
      "CD206": 0.3728509790793267,
      "CD44": 1.0921413231710415
    }
  },
  "7": {
    "cell_type": "activated_endothelial_cd44",
    "confidence": 0.5,
    "n_cells": 147,
    "marker_enrichment": {
      "CD45": 0.40191215765914523,
      "CD11b": 1.0365697224969959,
      "Ly6G": 1.9720432201520703,
      "CD140a": 1.1062129529953175,
      "CD140b": 1.0122743092652264,
      "CD31": 0.7444070228790255,
      "CD34": 1.2150998597167193,
      "CD206": 0.5544013522484716,
      "CD44": 1.625130979858859
    }
  },
  "8": {
    "cell_type": "activated_endothelial_cd44",
    "confidence": 0.75,
    "n_cells": 128,
    "marker_enrichment": {
      "CD45": 2.836623349297449,
      "CD11b": 2.4979078133391934,
      "Ly6G": 1.228799772236736,
      "CD140a": 2.038439291761718,
      "CD140b": 1.073154328047569,
      "CD31": 3.544967672211602,
      "CD34": 2.7646255298802624,
      "CD206": 1.292502553574407,
      "CD44": 1.817704208664883
    }
  },
  "9": {
    "cell_type": "endothelial",
    "confidence": 0.6,
    "n_cells": 126,
    "marker_enrichment": {
      "CD45": 1.4656148666479327,
      "CD11b": 1.3355738277639795,
      "Ly6G": 0.4820605428394766,
      "CD140a": 0.9052425214643093,
      "CD140b": 0.5277625802185708,
      "CD31": 0.5495374349945079,
      "CD34": 2.8319988884438296,
      "CD206": 0.8913207423714308,
      "CD44": 0.5984651423654168
    }
  },
  "10": {
    "cell_type": "activated_fibroblast_cd44",
    "confidence": 0.4,
    "n_cells": 124,
    "marker_enrichment": {
      "CD45": 0.6574313597948235,
      "CD11b": 0.3919759558555396,
      "Ly6G": 0.8268205977056675,
      "CD140a": 1.1712906930511278,
      "CD140b": 0.83418118299736,
      "CD31": 0.8792904610681376,
      "CD34": 0.5617924615853512,
      "CD206": 0.2531595393232138,
      "CD44": 0.7136545564183399
    }
  },
  "11": {
    "cell_type": "unknown",
    "confidence": 0.0,
    "n_cells": 111,
    "marker_enrichment": {
      "CD45": 0.6377167362982706,
      "CD11b": 1.1980954034664597,
      "Ly6G": 0.650642250365581,
      "CD140a": 0.4157413847127844,
      "CD140b": 0.7254636703041899,
      "CD31": 0.6715316982101663,
      "CD34": 1.174690369011531,
      "CD206": 0.5475916471027897,
      "CD44": 1.1581790999641755
    }
  },
  "12": {
    "cell_type": "activated_fibroblast_cd44",
    "confidence": 0.4,
    "n_cells": 109,
    "marker_enrichment": {
      "CD45": 0.3303989767728286,
      "CD11b": 1.0619299172826093,
      "Ly6G": 0.8387897687582867,
      "CD140a": 0.658399261229793,
      "CD140b": 1.0098298612049283,
      "CD31": 0.5405451441121543,
      "CD34": 0.9093313892323988,
      "CD206": 0.5806695880278976,
      "CD44": 1.426965354190879
    }
  },
  "13": {
    "cell_type": "immune_cells",
    "confidence": 0.6666666666666666,
    "n_cells": 75,
    "marker_enrichment": {
      "CD45": 3.992803733033703,
      "CD11b": 1.028594999704347,
      "Ly6G": 0.5755537899165807,
      "CD140a": 0.4604164171273076,
      "CD140b": 0.6511412429163074,
      "CD31": 1.0034305258558778,
      "CD34": 0.5240551396496629,
      "CD206": 0.9331430574288555,
      "CD44": 0.599817520254037
    }
  },
  "14": {
    "cell_type": "activated_m2_cd44",
    "confidence": 0.5,
    "n_cells": 74,
    "marker_enrichment": {
      "CD45": 2.6936216928294296,
      "CD11b": 1.6011479858501276,
      "Ly6G": 1.0088433064567808,
      "CD140a": 2.514584088512356,
      "CD140b": 1.2876713581679016,
      "CD31": 2.2203178270348567,
      "CD34": 1.3773469623934487,
      "CD206": 3.81797572594276,
      "CD44": 1.3537674129514539
    }
  },
  "15": {
    "cell_type": "immune_cells",
    "confidence": 0.6666666666666666,
    "n_cells": 57,
    "marker_enrichment": {
      "CD45": 1.2493273036086578,
      "CD11b": 0.5710547758172031,
      "Ly6G": 0.7898092475403524,
      "CD140a": 0.20451890223350278,
      "CD140b": 0.6139569847714932,
      "CD31": 0.8768330057102437,
      "CD34": 0.2034869223081298,
      "CD206": 2.019621238280536,
      "CD44": 0.4552990996284573
    }
  },
  "16": {
    "cell_type": "activated_endothelial_cd44",
    "confidence": 0.5,
    "n_cells": 48,
    "marker_enrichment": {
      "CD45": 1.4531695860164844,
      "CD11b": 1.090616660479532,
      "Ly6G": 2.579321577704403,
      "CD140a": 3.331758857034205,
      "CD140b": 0.9794027497752928,
      "CD31": 1.6806529989739027,
      "CD34": 2.2212973314124533,
      "CD206": 2.3227001751441847,
      "CD44": 1.240803624839154
    }
  },
  "17": {
    "cell_type": "activated_myeloid_cd140b",
    "confidence": 0.5,
    "n_cells": 37,
    "marker_enrichment": {
      "CD45": 1.0036693948613238,
      "CD11b": 0.9723850215038976,
      "Ly6G": 0.44695847896988755,
      "CD140a": -4.974183333400182,
      "CD140b": 1.7333170119471295,
      "CD31": -0.6170420461186129,
      "CD34": 1.201125607142493,
      "CD206": 0.43353407933744054,
      "CD44": -0.27585300654457984
    }
  }
}