{
  "n_superpixels": 2372,
  "thresholds_used": {
    "CD45": 92.93966895647544,
    "CD11b": 751.2865694601725,
    "Ly6G": 1262.7534241969627,
    "CD140a": 197.72752034675335,
    "CD140b": 6317.346185621539,
    "CD31": 1002.836110078228,
    "CD34": 383.4745950504901,
    "CD206": 16.85009184448028,
    "CD44": 1584.9224609049043
  },
  "assignment_counts": {
    "neutrophil": 104,
    "activated_m2_cd44": 33,
    "activated_m2_cd140b": 11,
    "m2_macrophage": 15,
    "activated_myeloid_cd44": 15,
    "activated_myeloid_cd140b": 4,
    "myeloid": 0,
    "activated_immune": 3,
    "immune_cells": 81,
    "activated_endothelial_cd44": 178,
    "activated_endothelial_cd140b": 66,
    "endothelial": 72,
    "activated_fibroblast_cd44": 49,
    "activated_fibroblast_cd140b": 29,
    "fibroblast": 55,
    "unassigned": 1657
  },
  "ambiguity_rate": 0.08642495784148398,
  "n_multi_assigned": 205,
  "unassigned_fraction": 0.698566610455312
}