{
  "n_superpixels": 2364,
  "thresholds_used": {
    "CD45": 1.6886697237130917,
    "CD11b": 2.7737397465138685,
    "Ly6G": 2.001922933754928,
    "CD140a": 2.498271163550959,
    "CD140b": 2.991423731442714,
    "CD31": 3.104610379990129,
    "CD34": 2.8303301037889548,
    "CD206": 2.275138936039119,
    "CD44": 3.4125772707758784
  },
  "assignment_counts": {
    "neutrophil": 152,
    "activated_m2_cd44": 91,
    "activated_m2_cd140b": 6,
    "m2_macrophage": 1,
    "activated_myeloid_cd44": 16,
    "activated_myeloid_cd140b": 3,
    "myeloid": 6,
    "activated_immune": 5,
    "immune_cells": 44,
    "activated_endothelial_cd44": 72,
    "activated_endothelial_cd140b": 85,
    "endothelial": 158,
    "activated_fibroblast_cd44": 44,
    "activated_fibroblast_cd140b": 35,
    "fibroblast": 33,
    "unassigned": 1613
  },
  "ambiguity_rate": 0.13155668358714043,
  "n_multi_assigned": 311,
  "unassigned_fraction": 0.6823181049069373
}