{
  "n_superpixels": 2375,
  "thresholds_used": {
    "CD45": 2.209887822730958,
    "CD11b": 3.456174807565143,
    "Ly6G": 2.31358748106741,
    "CD140a": 2.850513180239191,
    "CD140b": 3.2305415553054986,
    "CD31": 3.387377759761325,
    "CD34": 2.911437249463896,
    "CD206": 2.7394509859099756,
    "CD44": 3.7324479070082095
  },
  "assignment_counts": {
    "neutrophil": 159,
    "activated_m2_cd44": 110,
    "activated_m2_cd140b": 23,
    "m2_macrophage": 12,
    "activated_myeloid_cd44": 15,
    "activated_myeloid_cd140b": 7,
    "myeloid": 4,
    "activated_immune": 5,
    "immune_cells": 23,
    "activated_endothelial_cd44": 39,
    "activated_endothelial_cd140b": 115,
    "endothelial": 201,
    "activated_fibroblast_cd44": 61,
    "activated_fibroblast_cd140b": 33,
    "fibroblast": 23,
    "unassigned": 1545
  },
  "ambiguity_rate": 0.12378947368421053,
  "n_multi_assigned": 294,
  "unassigned_fraction": 0.6505263157894737
}