{
  "n_superpixels": 2465,
  "thresholds_used": {
    "CD45": 1.5651550147426185,
    "CD11b": 2.094636394959452,
    "Ly6G": 1.7698872425561336,
    "CD140a": 2.288521303038083,
    "CD140b": 2.0722816841517475,
    "CD31": 2.459643565414295,
    "CD34": 2.0608787810040625,
    "CD206": 1.937515375660316,
    "CD44": 2.1880715775792203
  },
  "assignment_counts": {
    "neutrophil": 99,
    "activated_m2_cd44": 11,
    "activated_m2_cd140b": 0,
    "m2_macrophage": 16,
    "activated_myeloid_cd44": 8,
    "activated_myeloid_cd140b": 0,
    "myeloid": 17,
    "activated_immune": 2,
    "immune_cells": 28,
    "activated_endothelial_cd44": 9,
    "activated_endothelial_cd140b": 3,
    "endothelial": 19,
    "activated_fibroblast_cd44": 4,
    "activated_fibroblast_cd140b": 26,
    "fibroblast": 29,
    "unassigned": 2194
  },
  "ambiguity_rate": 0.0,
  "n_multi_assigned": 0,
  "unassigned_fraction": 0.8900608519269777
}