{
  "0": {
    "cell_type": "resting_endothelial",
    "confidence": 0.6,
    "n_cells": 254,
    "marker_enrichment": {
      "CD45": -0.32797521339704927,
      "CD11b": 0.3619772412515383,
      "Ly6G": 0.23066928857584873,
      "CD140a": 1.0067759609147013,
      "CD140b": 0.07436808239945862,
      "CD31": 0.40499086012581476,
      "CD34": 0.23813076896121083,
      "CD206": 0.2889006005682305,
      "CD44": 0.04353497252818538
    }
  },
  "1": {
    "cell_type": "resting_endothelial",
    "confidence": 0.6,
    "n_cells": 166,
    "marker_enrichment": {
      "CD45": 0.16662308086907685,
      "CD11b": 0.8013587474418967,
      "Ly6G": 0.18664600039172857,
      "CD140a": 0.9969551275312091,
      "CD140b": 0.5194499932326937,
      "CD31": 0.7271307284875403,
      "CD34": 1.112692436486859,
      "CD206": 0.7065855738640879,
      "CD44": 0.03361781132929712
    }
  },
  "2": {
    "cell_type": "activated_fibroblast",
    "confidence": 0.5,
    "n_cells": 149,
    "marker_enrichment": {
      "CD45": 0.04650273534475691,
      "CD11b": 0.40137140628454365,
      "Ly6G": 0.26882691738843023,
      "CD140a": 1.023147135001018,
      "CD140b": 1.2397756385657503,
      "CD31": 0.48583949990184067,
      "CD34": 1.1451642918580174,
      "CD206": 1.2164249228511375,
      "CD44": 0.05671998826012957
    }
  },
  "3": {
    "cell_type": "resting_endothelial",
    "confidence": 0.6,
    "n_cells": 145,
    "marker_enrichment": {
      "CD45": -0.29626305421602506,
      "CD11b": 1.5893207611179074,
      "Ly6G": 0.775336732422421,
      "CD140a": 0.9514183412729293,
      "CD140b": 0.2837640910645631,
      "CD31": 0.9083361286088526,
      "CD34": 0.5987939181361864,
      "CD206": 0.531318236316323,
      "CD44": 0.12934697249337074
    }
  },
  "4": {
    "cell_type": "activated_immune_cd140b",
    "confidence": 0.5,
    "n_cells": 133,
    "marker_enrichment": {
      "CD45": 1.3200282342675318,
      "CD11b": 2.4023962098828777,
      "Ly6G": 0.5855994641178934,
      "CD140a": 1.0349717464983321,
      "CD140b": 1.77868667545947,
      "CD31": 1.3430934038574525,
      "CD34": 1.9947363918857615,
      "CD206": 1.656450189351462,
      "CD44": 0.2511263347594465
    }
  },
  "5": {
    "cell_type": "activated_fibroblast",
    "confidence": 0.75,
    "n_cells": 132,
    "marker_enrichment": {
      "CD45": 0.5052179226990545,
      "CD11b": 0.9449839979617354,
      "Ly6G": 0.3619383080992253,
      "CD140a": 0.9492940937416422,
      "CD140b": 1.5227458837602714,
      "CD31": 0.5457645839177052,
      "CD34": 0.5742863923965785,
      "CD206": 0.8469649514848189,
      "CD44": 0.20954120287451394
    }
  },
  "6": {
    "cell_type": "unknown",
    "confidence": 0.0,
    "n_cells": 128,
    "marker_enrichment": {
      "CD45": 1.1082636493552482,
      "CD11b": 0.8350970736605929,
      "Ly6G": 0.12719011742725425,
      "CD140a": 1.0039741216100475,
      "CD140b": 1.670644926600635,
      "CD31": 1.2372094181199833,
      "CD34": 1.2725242122235336,
      "CD206": 1.1480010865326484,
      "CD44": 0.14419956140321527
    }
  },
  "7": {
    "cell_type": "resting_endothelial",
    "confidence": 0.6,
    "n_cells": 127,
    "marker_enrichment": {
      "CD45": 2.661250141348127,
      "CD11b": 0.7934700240887435,
      "Ly6G": 0.4616865030707022,
      "CD140a": 0.9996291147791562,
      "CD140b": 0.6540111256414438,
      "CD31": 1.107853360448974,
      "CD34": 2.0724702122458503,
      "CD206": 2.013630225274739,
      "CD44": 0.28766423602776503
    }
  },
  "8": {
    "cell_type": "unknown",
    "confidence": 0.0,
    "n_cells": 124,
    "marker_enrichment": {
      "CD45": 1.0685174231587966,
      "CD11b": 2.281833554652274,
      "Ly6G": 0.8417618721469093,
      "CD140a": 0.9908966506395805,
      "CD140b": 0.9550806158142247,
      "CD31": 0.7976624865870344,
      "CD34": 0.8611778587715899,
      "CD206": 0.7969901031307312,
      "CD44": 0.22476137670152624
    }
  },
  "9": {
    "cell_type": "neutrophil",
    "confidence": 0.6666666666666666,
    "n_cells": 106,
    "marker_enrichment": {
      "CD45": 3.8826140620512373,
      "CD11b": 1.3141205859959835,
      "Ly6G": 1.5487602928452253,
      "CD140a": 1.0114158242021916,
      "CD140b": 6.030241422562132,
      "CD31": 1.1862154273115633,
      "CD34": 2.119016751032747,
      "CD206": 2.8537962051758856,
      "CD44": 0.5385638545312831
    }
  },
  "10": {
    "cell_type": "resting_endothelial",
    "confidence": 0.6,
    "n_cells": 105,
    "marker_enrichment": {
      "CD45": -0.008008382619093916,
      "CD11b": 0.5147539494022279,
      "Ly6G": 0.1806108521292474,
      "CD140a": 0.7597046119379761,
      "CD140b": 0.2874440358561551,
      "CD31": 0.6597277354992703,
      "CD34": 0.3593866385222844,
      "CD206": 0.3975106428277399,
      "CD44": 0.05617772293080865
    }
  },
  "11": {
    "cell_type": "resting_endothelial",
    "confidence": 0.6,
    "n_cells": 102,
    "marker_enrichment": {
      "CD45": -0.2991095144202801,
      "CD11b": 0.9753580603139541,
      "Ly6G": 0.41291546359737874,
      "CD140a": 1.0232886191982047,
      "CD140b": 0.10133267194885776,
      "CD31": 0.49014642626178895,
      "CD34": 0.4040570000194102,
      "CD206": 0.3169700688288289,
      "CD44": 0.04208414493265276
    }
  },
  "12": {
    "cell_type": "activated_fibroblast",
    "confidence": 0.75,
    "n_cells": 97,
    "marker_enrichment": {
      "CD45": 0.3754416219773286,
      "CD11b": 0.46296284772529467,
      "Ly6G": 0.19492446982781203,
      "CD140a": 1.0240957666516894,
      "CD140b": 1.7323157433367304,
      "CD31": 0.5528717984278949,
      "CD34": 0.6207944395212763,
      "CD206": 0.9340609670695972,
      "CD44": 0.1684938050459682
    }
  },
  "13": {
    "cell_type": "resting_endothelial",
    "confidence": 0.8,
    "n_cells": 83,
    "marker_enrichment": {
      "CD45": -0.5952017495313405,
      "CD11b": 1.4318011341703536,
      "Ly6G": 0.22477763607227072,
      "CD140a": 1.0590047533239735,
      "CD140b": 0.352630145997684,
      "CD31": 2.703753765722484,
      "CD34": 0.5443008772435899,
      "CD206": 0.49125879383861787,
      "CD44": 0.10554565629934054
    }
  },
  "14": {
    "cell_type": "resting_endothelial",
    "confidence": 0.6,
    "n_cells": 81,
    "marker_enrichment": {
      "CD45": 0.3493275805866572,
      "CD11b": 0.9768172803000316,
      "Ly6G": 0.22482185089665496,
      "CD140a": 0.9077336032182901,
      "CD140b": 0.46985412299913104,
      "CD31": 1.090388694682592,
      "CD34": 0.8660652959846392,
      "CD206": 0.6919449006318142,
      "CD44": 0.036004878142376316
    }
  },
  "15": {
    "cell_type": "resting_endothelial",
    "confidence": 0.6,
    "n_cells": 80,
    "marker_enrichment": {
      "CD45": 0.1990061218937596,
      "CD11b": 0.9623295328997123,
      "Ly6G": 0.31295304800710366,
      "CD140a": 1.2315758563383414,
      "CD140b": 0.3186748981748368,
      "CD31": 0.8557577211064781,
      "CD34": 0.5345544225558752,
      "CD206": 0.5312837543346538,
      "CD44": 0.05485223081828452
    }
  },
  "16": {
    "cell_type": "resting_endothelial",
    "confidence": 0.6,
    "n_cells": 79,
    "marker_enrichment": {
      "CD45": -0.5564895662072942,
      "CD11b": 0.5696282505206993,
      "Ly6G": 0.26457762160340903,
      "CD140a": 1.0722780331889072,
      "CD140b": 0.38984595804956007,
      "CD31": 0.46425812890003315,
      "CD34": 1.3341624549304616,
      "CD206": 0.8028891515141964,
      "CD44": -0.010072802989403707
    }
  },
  "17": {
    "cell_type": "resting_endothelial",
    "confidence": 0.6,
    "n_cells": 70,
    "marker_enrichment": {
      "CD45": 0.016858624761192296,
      "CD11b": 0.3099674122138919,
      "Ly6G": 0.29090516404140104,
      "CD140a": 0.9610609762515661,
      "CD140b": 0.4886544388259016,
      "CD31": 0.16649110712822818,
      "CD34": 0.5468871190429836,
      "CD206": 0.7047624975319962,
      "CD44": 0.1785224784000646
    }
  },