{
  "n_superpixels": 2440,
  "thresholds_used": {
    "CD45": 406.68918367944366,
    "CD11b": 1186.6334823903687,
    "Ly6G": 1293.1616927366524,
    "CD140a": 529.980655212219,
    "CD140b": 93.75324521694695,
    "CD31": 3394.6359528557778,
    "CD34": 2339.9725639031376,
    "CD206": 1015.4655348145227,
    "CD44": 2219.2800124182468
  },
  "assignment_counts": {
    "neutrophil": 93,
    "activated_m2_cd44": 21,
    "activated_m2_cd140b": 1,
    "m2_macrophage": 2,
    "activated_myeloid_cd44": 20,
    "activated_myeloid_cd140b": 0,
    "myeloid": 8,
    "activated_immune": 12,
    "immune_cells": 76,
    "activated_endothelial_cd44": 91,
    "activated_endothelial_cd140b": 51,
    "endothelial": 71,
    "activated_fibroblast_cd44": 28,
    "activated_fibroblast_cd140b": 38,
    "fibroblast": 51,
    "unassigned": 1877
  },
  "ambiguity_rate": 0.07295081967213114,
  "n_multi_assigned": 178,
  "unassigned_fraction": 0.7692622950819672
}