{
  "n_superpixels": 2463,
  "thresholds_used": {
    "CD45": 227.42324895805072,
    "CD11b": 216.6945555847396,
    "Ly6G": 816.1557887360676,
    "CD140a": 733.5266718275273,
    "CD140b": 6210.254376007201,
    "CD31": 1511.0727832189507,
    "CD34": 17.41200798506417,
    "CD206": 788.9811344319141,
    "CD44": 2123.8287512577604
  },
  "assignment_counts": {
    "activated_immune_cd44": 71,
    "activated_immune_cd140b": 94,
    "m2_macrophage": 62,
    "activated_endothelial_cd44": 111,
    "activated_endothelial_cd140b": 26,
    "activated_fibroblast": 113,
    "neutrophil": 49,
    "resting_endothelial": 28,
    "unassigned": 1909
  },
  "ambiguity_rate": 0.07267559886317498,
  "n_multi_assigned": 179,
  "unassigned_fraction": 0.7750710515631344
}