{
  "n_superpixels": 2463,
  "thresholds_used": {
    "CD45": 1.6070634135131738,
    "CD11b": 2.4808543818189532,
    "Ly6G": 1.8111481083765777,
    "CD140a": 2.3517075353540204,
    "CD140b": 2.237577368693003,
    "CD31": 2.4541949633026916,
    "CD34": 2.2318146449179657,
    "CD206": 1.9063067722521925,
    "CD44": 2.328754215548941
  },
  "assignment_counts": {
    "neutrophil": 115,
    "activated_m2_cd44": 69,
    "activated_m2_cd140b": 8,
    "m2_macrophage": 23,
    "activated_myeloid_cd44": 40,
    "activated_myeloid_cd140b": 6,
    "myeloid": 16,
    "activated_immune": 17,
    "immune_cells": 49,
    "activated_endothelial_cd44": 168,
    "activated_endothelial_cd140b": 75,
    "endothelial": 100,
    "activated_fibroblast_cd44": 31,
    "activated_fibroblast_cd140b": 43,
    "fibroblast": 59,
    "unassigned": 1644
  },
  "ambiguity_rate": 0.13317092976045472,
  "n_multi_assigned": 328,
  "unassigned_fraction": 0.6674786845310596
}