{
  "n_superpixels": 2463,
  "thresholds_used": {
    "CD45": 1.6070634135131738,
    "CD11b": 2.4808543818189532,
    "Ly6G": 1.8111481083765777,
    "CD140a": 2.3517075353540204,
    "CD140b": 2.237577368693003,
    "CD31": 2.4541949633026916,
    "CD34": 2.2318146449179657,
    "CD206": 1.9063067722521925,
    "CD44": 2.328754215548941
  },
  "assignment_counts": {
    "neutrophil": 115,
    "activated_m2_cd44": 12,
    "activated_m2_cd140b": 0,
    "m2_macrophage": 13,
    "activated_myeloid_cd44": 13,
    "activated_myeloid_cd140b": 3,
    "myeloid": 12,
    "activated_immune": 2,
    "immune_cells": 21,
    "activated_endothelial_cd44": 8,
    "activated_endothelial_cd140b": 7,
    "endothelial": 47,
    "activated_fibroblast_cd44": 2,
    "activated_fibroblast_cd140b": 15,
    "fibroblast": 23,
    "unassigned": 2170
  },
  "ambiguity_rate": 0.0,
  "n_multi_assigned": 0,
  "unassigned_fraction": 0.881039382866423
}