{
  "0": {
    "cell_type": "immune_cells",
    "confidence": 0.8333333333333334,
    "n_cells": 191,
    "marker_enrichment": {
      "CD45": 0.6121693813987158,
      "CD11b": 0.6566098101354817,
      "Ly6G": 0.36323382665733106,
      "CD140a": 1.303218167803765,
      "CD140b": -0.15037064410375184,
      "CD31": 0.526850943855034,
      "CD34": 0.41349128377273925,
      "CD206": 0.09404435981634962,
      "CD44": 0.6227110346565914
    }
  },
  "1": {
    "cell_type": "endothelial",
    "confidence": 0.6,
    "n_cells": 160,
    "marker_enrichment": {
      "CD45": 1.0271988909279495,
      "CD11b": 0.6251296637374937,
      "Ly6G": 1.6546561885493394,
      "CD140a": 0.9327886798558735,
      "CD140b": -0.020684082600864077,
      "CD31": 0.7630145732265693,
      "CD34": 1.6742992869773898,
      "CD206": 0.12686781604169511,
      "CD44": -0.2072925398208921
    }
  },
  "2": {
    "cell_type": "neutrophil",
    "confidence": 0.5,
    "n_cells": 146,
    "marker_enrichment": {
      "CD45": 1.7136904683672014,
      "CD11b": 0.9707045571022596,
      "Ly6G": 2.782206205410683,
      "CD140a": 1.5031084971318114,
      "CD140b": 3.5116710297238893,
      "CD31": 1.394794176619156,
      "CD34": 2.6696798126327357,
      "CD206": 0.6677423441975264,
      "CD44": 1.3794947956059378
    }
  },
  "3": {
    "cell_type": "fibroblast",
    "confidence": 0.5,
    "n_cells": 142,
    "marker_enrichment": {
      "CD45": 0.6118348019043063,
      "CD11b": 0.84269659162513,
      "Ly6G": 1.2984351731535038,
      "CD140a": 0.5773603932710478,
      "CD140b": 0.6846897270472784,
      "CD31": 0.6533891732057642,
      "CD34": 1.193123787084039,
      "CD206": 0.25546484636910094,
      "CD44": -0.0561021702253163
    }
  },
  "4": {
    "cell_type": "activated_fibroblast_cd44",
    "confidence": 0.4,
    "n_cells": 121,
    "marker_enrichment": {
      "CD45": 0.612619634915738,
      "CD11b": 0.7413354324302982,
      "Ly6G": 0.4651560489752172,
      "CD140a": 0.9163796952729616,
      "CD140b": 1.3429898544309882,
      "CD31": 0.6814670978436368,
      "CD34": 0.6409718397232456,
      "CD206": 0.2979329719164611,
      "CD44": 1.3381446495679612
    }
  },
  "5": {
    "cell_type": "immune_cells",
    "confidence": 0.8333333333333334,
    "n_cells": 119,
    "marker_enrichment": {
      "CD45": 0.2571519169847234,
      "CD11b": 0.27697849572583866,
      "Ly6G": 0.1050352567527923,
      "CD140a": 0.6489472036761393,
      "CD140b": 0.15610934916795544,
      "CD31": 0.3910903766929357,
      "CD34": 0.2434607588372814,
      "CD206": 0.21741239006866853,
      "CD44": -0.02042814205107484
    }
  },
  "6": {
    "cell_type": "neutrophil",
    "confidence": 0.5,
    "n_cells": 115,
    "marker_enrichment": {
      "CD45": 1.8157894045089749,
      "CD11b": 0.5126152710876989,
      "Ly6G": 1.9653011890546683,
      "CD140a": 1.3643312045315361,
      "CD140b": 2.020586021046452,
      "CD31": 1.0396224481926069,
      "CD34": 1.5586245674352646,
      "CD206": 0.45096034330587864,
      "CD44": 0.3968550777911085
    }
  },
  "7": {
    "cell_type": "activated_myeloid_cd44",
    "confidence": 0.5,
    "n_cells": 110,
    "marker_enrichment": {
      "CD45": 1.018163352259149,
      "CD11b": 1.9834362252536735,
      "Ly6G": 0.6167515158204281,
      "CD140a": 2.3835546863754287,
      "CD140b": 2.0877736085934484,
      "CD31": 0.9419513565433337,
      "CD34": 0.6931711378236329,
      "CD206": 0.4028438384690171,
      "CD44": 3.3259887631826355
    }
  },
  "8": {
    "cell_type": "fibroblast",
    "confidence": 0.8333333333333334,
    "n_cells": 104,
    "marker_enrichment": {
      "CD45": 0.35432148237574107,
      "CD11b": 1.3885932449860081,
      "Ly6G": 0.15544497609112204,
      "CD140a": 0.23306308141809126,
      "CD140b": 0.4162162653390381,
      "CD31": 0.5682153138703606,
      "CD34": 0.173136294559981,
      "CD206": 0.2198655512617401,
      "CD44": -0.8501683304413314
    }
  },
  "9": {
    "cell_type": "activated_fibroblast_cd44",
    "confidence": 0.8,
    "n_cells": 103,
    "marker_enrichment": {
      "CD45": 0.5032037288141252,
      "CD11b": 1.9344837333585292,
      "Ly6G": 0.3889523779597636,
      "CD140a": 2.618953606536594,
      "CD140b": 0.6528216669283731,
      "CD31": 1.1317286083657325,
      "CD34": 0.3893408153732201,
      "CD206": 0.5839001689687477,
      "CD44": 3.90721812122017
    }
  },
  "10": {
    "cell_type": "immune_cells",
    "confidence": 0.5,
    "n_cells": 99,
    "marker_enrichment": {
      "CD45": 0.4925510424985146,
      "CD11b": 0.5399787860668643,
      "Ly6G": 0.31292867176743927,
      "CD140a": 0.9916767340744194,
      "CD140b": 0.8349329721042165,
      "CD31": 1.0558757908644631,
      "CD34": 0.2844445611560189,
      "CD206": 0.25172434312174236,
      "CD44": 0.17428483539403078
    }
  },
  "11": {
    "cell_type": "activated_fibroblast_cd44",
    "confidence": 0.4,
    "n_cells": 94,
    "marker_enrichment": {
      "CD45": 0.5857811473495871,
      "CD11b": 0.9051217557676666,
      "Ly6G": 0.816776476267419,
      "CD140a": 0.597916289765053,
      "CD140b": 0.7716615162726619,
      "CD31": 0.40038318858959426,
      "CD34": 0.7520917643371505,
      "CD206": 0.15739072006520088,
      "CD44": 1.2887854614667413
    }
  },
  "12": {
    "cell_type": "activated_myeloid_cd44",
    "confidence": 0.6666666666666666,
    "n_cells": 91,
    "marker_enrichment": {
      "CD45": 0.814840729069269,
      "CD11b": 0.8083382031899295,
      "Ly6G": 0.6968856153381895,
      "CD140a": 1.021974880919929,
      "CD140b": 1.2206919801381713,
      "CD31": 0.3989823976804061,
      "CD34": 0.6163720963425074,
      "CD206": 0.14266084689215944,
      "CD44": 1.5120116005267612
    }
  },
  "13": {
    "cell_type": "activated_endothelial_cd140b",
    "confidence": 0.5,
    "n_cells": 91,
    "marker_enrichment": {
      "CD45": 1.6621115155696171,
      "CD11b": 1.0510437701025441,
      "Ly6G": 0.8349440517355373,
      "CD140a": 1.6090219212411265,
      "CD140b": 1.7801975356968343,
      "CD31": 3.5775164195869458,
      "CD34": 1.0354349205303728,
      "CD206": 1.141750951571918,
      "CD44": 0.652377602785654
    }
  },
  "14": {
    "cell_type": "fibroblast",
    "confidence": 0.6666666666666666,
    "n_cells": 89,
    "marker_enrichment": {
      "CD45": 0.3566019168712127,
      "CD11b": 0.7684582608329633,
      "Ly6G": 0.22800172793714207,
      "CD140a": 0.7988572672714922,
      "CD140b": 0.14859139522832346,
      "CD31": 0.39964955558416043,
      "CD34": 0.24092527398992425,
      "CD206": 0.2650219749136876,
      "CD44": 1.0495230732800183
    }
  },
  "15": {
    "cell_type": "activated_m2_cd44",
    "confidence": 0.6666666666666666,
    "n_cells": 86,
    "marker_enrichment": {
      "CD45": 2.3391772255828687,
      "CD11b": 1.2630852861357338,
      "Ly6G": 0.47341521635950873,
      "CD140a": -5.1430317781311174,
      "CD140b": 0.9758019761587556,
      "CD31": 0.6115378338805013,
      "CD34": 1.0152752070781679,
      "CD206": 17.842171856286463,
      "CD44": 2.2098329731002084
    }
  },
  "16": {
    "cell_type": "neutrophil",
    "confidence": 0.5,
    "n_cells": 76,
    "marker_enrichment": {
      "CD45": 2.540567751253792,
      "CD11b": 0.9214546942324209,
      "Ly6G": 4.41920032449345,
      "CD140a": 2.3236663234135784,
      "CD140b": 1.2716725587200324,
      "CD31": 1.2958405337056982,
      "CD34": 4.1205300388738095,
      "CD206": 0.5830857107581475,
      "CD44": 0.649631568636196
    }
  },
  "17": {
    "cell_type": "activated_myeloid_cd44",
    "confidence": 0.6666666666666666,
    "n_cells": 72,
    "marker_enrichment": {
      "CD45": 0.9558877012111127,
      "CD11b": 2.589734506224537,
      "Ly6G": 0.3673792459754629,
      "CD140a": -2.9027136550632213,
      "CD140b": 0.47201573505374383,
      "CD31": 1.4327072499028766,
      "CD34": 0.4034003716152265,
      "CD206": 0.28927348671694547,