{
  "n_superpixels": 2416,
  "thresholds_used": {
    "CD45": 502.5777962764227,
    "CD11b": 1728.203452108188,
    "Ly6G": 712.3034709359769,
    "CD140a": 982.3064452608514,
    "CD140b": 2328.8908175451766,
    "CD31": 626.0261177158773,
    "CD34": 416.7887881673902,
    "CD206": 763.4573514738748,
    "CD44": 2976.2697565545195
  },
  "assignment_counts": {
    "neutrophil": 49,
    "activated_m2_cd44": 10,
    "activated_m2_cd140b": 7,
    "m2_macrophage": 8,
    "activated_myeloid_cd44": 56,
    "activated_myeloid_cd140b": 0,
    "myeloid": 9,
    "activated_immune": 7,
    "immune_cells": 61,
    "activated_endothelial_cd44": 30,
    "activated_endothelial_cd140b": 72,
    "endothelial": 33,
    "activated_fibroblast_cd44": 16,
    "activated_fibroblast_cd140b": 23,
    "fibroblast": 44,
    "unassigned": 1991
  },
  "ambiguity_rate": 0.03518211920529801,
  "n_multi_assigned": 85,
  "unassigned_fraction": 0.8240894039735099
}