{
  "n_superpixels": 2379,
  "thresholds_used": {
    "CD45": 1.6472311463710954,
    "CD11b": 2.4957832535303694,
    "Ly6G": 1.9332067124563068,
    "CD140a": 2.401822099793456,
    "CD140b": 2.541385632629093,
    "CD31": 2.668253255270807,
    "CD34": 2.23721985314801,
    "CD206": 2.09985285054696,
    "CD44": 2.571351507863772
  },
  "assignment_counts": {
    "neutrophil": 137,
    "activated_m2_cd44": 33,
    "activated_m2_cd140b": 1,
    "m2_macrophage": 17,
    "activated_myeloid_cd44": 30,
    "activated_myeloid_cd140b": 4,
    "myeloid": 12,
    "activated_immune": 19,
    "immune_cells": 61,
    "activated_endothelial_cd44": 142,
    "activated_endothelial_cd140b": 75,
    "endothelial": 89,
    "activated_fibroblast_cd44": 59,
    "activated_fibroblast_cd140b": 41,
    "fibroblast": 58,
    "unassigned": 1601
  },
  "ambiguity_rate": 0.14081546868432115,
  "n_multi_assigned": 335,
  "unassigned_fraction": 0.6729718369062632
}