{
  "n_superpixels": 2421,
  "thresholds_used": {
    "CD45": 1.705785785022569,
    "CD11b": 2.2762075291120203,
    "Ly6G": 2.3856076950970015,
    "CD140a": 2.3019407643740553,
    "CD140b": 2.883357641540672,
    "CD31": 2.573495300798594,
    "CD34": 2.373244485878972,
    "CD206": 2.1322206081109476,
    "CD44": 2.867582045290957
  },
  "assignment_counts": {
    "neutrophil": 91,
    "activated_m2_cd44": 96,
    "activated_m2_cd140b": 3,
    "m2_macrophage": 2,
    "activated_myeloid_cd44": 53,
    "activated_myeloid_cd140b": 3,
    "myeloid": 9,
    "activated_immune": 14,
    "immune_cells": 42,
    "activated_endothelial_cd44": 104,
    "activated_endothelial_cd140b": 105,
    "endothelial": 113,
    "activated_fibroblast_cd44": 39,
    "activated_fibroblast_cd140b": 51,
    "fibroblast": 38,
    "unassigned": 1658
  },
  "ambiguity_rate": 0.1111111111111111,
  "n_multi_assigned": 269,
  "unassigned_fraction": 0.6848409748038001
}