{
  "n_superpixels": 2375,
  "thresholds_used": {
    "CD45": 1834.8927415075589,
    "CD11b": 2332.0030173276864,
    "Ly6G": 1451.6731392974482,
    "CD140a": 1844.5414486628147,
    "CD140b": 1326.599319372142,
    "CD31": 2685.7497732850165,
    "CD34": 1472.6324527148197,
    "CD206": 2434.9565734831176,
    "CD44": 4857.0879473350415
  },
  "assignment_counts": {
    "neutrophil": 52,
    "activated_m2_cd44": 8,
    "activated_m2_cd140b": 7,
    "m2_macrophage": 9,
    "activated_myeloid_cd44": 3,
    "activated_myeloid_cd140b": 15,
    "myeloid": 9,
    "activated_immune": 11,
    "immune_cells": 46,
    "activated_endothelial_cd44": 85,
    "activated_endothelial_cd140b": 25,
    "endothelial": 30,
    "activated_fibroblast_cd44": 26,
    "activated_fibroblast_cd140b": 15,
    "fibroblast": 37,
    "unassigned": 1997
  },
  "ambiguity_rate": 0.04631578947368421,
  "n_multi_assigned": 110,
  "unassigned_fraction": 0.840842105263158
}