{
  "n_superpixels": 2444,
  "thresholds_used": {
    "CD45": 1.6318004758905984,
    "CD11b": 2.4783866535791352,
    "Ly6G": 1.8085726117606382,
    "CD140a": 2.248554913567802,
    "CD140b": 2.040163577516896,
    "CD31": 2.2881714686592254,
    "CD34": 1.9394401623217554,
    "CD206": 1.9469397467217042,
    "CD44": 2.296861478177151
  },
  "assignment_counts": {
    "neutrophil": 133,
    "activated_m2_cd44": 26,
    "activated_m2_cd140b": 2,
    "m2_macrophage": 18,
    "activated_myeloid_cd44": 8,
    "activated_myeloid_cd140b": 1,
    "myeloid": 13,
    "activated_immune": 3,
    "immune_cells": 15,
    "activated_endothelial_cd44": 9,
    "activated_endothelial_cd140b": 10,
    "endothelial": 41,
    "activated_fibroblast_cd44": 3,
    "activated_fibroblast_cd140b": 17,
    "fibroblast": 33,
    "unassigned": 2112
  },
  "ambiguity_rate": 0.0,
  "n_multi_assigned": 0,
  "unassigned_fraction": 0.8641571194762684
}