{
  "0": {
    "cell_type": "immune_cells",
    "confidence": 0.8333333333333334,
    "n_cells": 515,
    "marker_enrichment": {
      "CD45": 0.3639779319525758,
      "CD11b": 0.23103638878644178,
      "Ly6G": 0.2730302956761349,
      "CD140a": 0.30357930162229624,
      "CD140b": 0.05972434756934382,
      "CD31": 0.3901507030707437,
      "CD34": 0.46279722177662064,
      "CD206": 0.2225110277906806,
      "CD44": 0.23368267784240807
    }
  },
  "1": {
    "cell_type": "unknown",
    "confidence": 0.0,
    "n_cells": 443,
    "marker_enrichment": {
      "CD45": 0.721511735354273,
      "CD11b": 0.8174158083460968,
      "Ly6G": 0.7409963172270176,
      "CD140a": 1.3935974350997118,
      "CD140b": 1.1617637103127945,
      "CD31": 0.9444752748698791,
      "CD34": 0.8339205246465778,
      "CD206": 0.6054612710655249,
      "CD44": 0.6302780403851629
    }
  },
  "2": {
    "cell_type": "activated_myeloid_cd140b",
    "confidence": 0.6666666666666666,
    "n_cells": 387,
    "marker_enrichment": {
      "CD45": 1.0605385156140954,
      "CD11b": 0.3654302185476007,
      "Ly6G": 0.30294927193120996,
      "CD140a": 1.2470325379447025,
      "CD140b": 1.9781431919020391,
      "CD31": 0.35469505401322,
      "CD34": 0.39297398437778985,
      "CD206": 0.2794919624980309,
      "CD44": 0.5295489756098561
    }
  },
  "3": {
    "cell_type": "endothelial",
    "confidence": 0.6,
    "n_cells": 298,
    "marker_enrichment": {
      "CD45": 0.3312089859663113,
      "CD11b": 0.3548189983800025,
      "Ly6G": 0.3961342079413502,
      "CD140a": 0.537943171238884,
      "CD140b": 0.2857058338914927,
      "CD31": 0.7561851297530099,
      "CD34": 0.7219901755256997,
      "CD206": 0.16212025097184873,
      "CD44": 0.32072367392689777
    }
  },
  "4": {
    "cell_type": "immune_cells",
    "confidence": 0.6666666666666666,
    "n_cells": 289,
    "marker_enrichment": {
      "CD45": 0.38212833434762655,
      "CD11b": 0.6500769166944417,
      "Ly6G": 0.2880754733565878,
      "CD140a": 0.9285995253833164,
      "CD140b": 0.7249799580181312,
      "CD31": 0.4858096609286305,
      "CD34": 0.4655362760500134,
      "CD206": 0.18171006488574462,
      "CD44": 0.3372489395412567
    }
  },
  "5": {
    "cell_type": "activated_endothelial_cd44",
    "confidence": 0.75,
    "n_cells": 209,
    "marker_enrichment": {
      "CD45": 0.5662459433076449,
      "CD11b": 1.0009289916325992,
      "Ly6G": 1.4085108719365287,
      "CD140a": 0.8829019765474101,
      "CD140b": 0.6829838449477403,
      "CD31": 1.5343092517996229,
      "CD34": 1.8478322814999966,
      "CD206": 0.9665621223029449,
      "CD44": 0.7090345774545692
    }
  },
  "6": {
    "cell_type": "activated_endothelial_cd44",
    "confidence": 0.75,
    "n_cells": 115,
    "marker_enrichment": {
      "CD45": 0.7661461565249766,
      "CD11b": 2.415469850755171,
      "Ly6G": 1.5258496435082782,
      "CD140a": 2.4394755155417904,
      "CD140b": 3.0952117155872942,
      "CD31": 2.1711869310485223,
      "CD34": 1.671951250303414,
      "CD206": 1.2780223696523654,
      "CD44": 1.704092600842144
    }
  },
  "7": {
    "cell_type": "activated_endothelial_cd44",
    "confidence": 0.75,
    "n_cells": 72,
    "marker_enrichment": {
      "CD45": 4.940318235576113,
      "CD11b": 12.34346893320458,
      "Ly6G": 10.260042160743607,
      "CD140a": 1.7214549561482917,
      "CD140b": 3.2632836631946947,
      "CD31": 8.527300624002622,
      "CD34": 6.440366949556947,
      "CD206": 16.50475387641368,
      "CD44": 16.771676972575413
    }
  },
  "8": {
    "cell_type": "neutrophil",
    "confidence": 0.5,
    "n_cells": 60,
    "marker_enrichment": {
      "CD45": 11.779341287603103,
      "CD11b": 2.134491746743906,
      "Ly6G": 5.381572588740758,
      "CD140a": 2.2986955539656666,
      "CD140b": 1.4499478307906082,
      "CD31": 1.7063961925271036,
      "CD34": 3.0308880365719433,
      "CD206": 1.7423805594461985,
      "CD44": 0.9347066917635323
    }
  },
  "9": {
    "cell_type": "neutrophil",
    "confidence": 0.5,
    "n_cells": 56,
    "marker_enrichment": {
      "CD45": 0.8650409629573882,
      "CD11b": 0.43033592096298995,
      "Ly6G": 2.2342139831191297,
      "CD140a": 0.5729712214165776,
      "CD140b": 0.31666805742811766,
      "CD31": 0.6241812035101186,
      "CD34": 1.9719215561837895,
      "CD206": 3.7558727828052527,
      "CD44": 0.69039603188208
    }
  }
}