{
  "n_superpixels": 2328,
  "thresholds_used": {
    "CD45": 1.865064837073801,
    "CD11b": 2.8852005077962466,
    "Ly6G": 2.2873271384802436,
    "CD140a": 2.5523681622848664,
    "CD140b": 2.8293228083608715,
    "CD31": 2.9422083044541814,
    "CD34": 2.672060044513005,
    "CD206": 2.400992052718335,
    "CD44": 3.431912829146241
  },
  "assignment_counts": {
    "neutrophil": 120,
    "activated_m2_cd44": 81,
    "activated_m2_cd140b": 18,
    "m2_macrophage": 8,
    "activated_myeloid_cd44": 9,
    "activated_myeloid_cd140b": 8,
    "myeloid": 10,
    "activated_immune": 4,
    "immune_cells": 34,
    "activated_endothelial_cd44": 82,
    "activated_endothelial_cd140b": 80,
    "endothelial": 128,
    "activated_fibroblast_cd44": 37,
    "activated_fibroblast_cd140b": 48,
    "fibroblast": 34,
    "unassigned": 1627
  },
  "ambiguity_rate": 0.09965635738831616,
  "n_multi_assigned": 232,
  "unassigned_fraction": 0.6988831615120275
}