{
  "n_superpixels": 2343,
  "thresholds_used": {
    "CD45": 54.2764026972759,
    "CD11b": 156.16373857359974,
    "Ly6G": 500.15738341721124,
    "CD140a": 2957.821822643646,
    "CD140b": 1192.5909233384348,
    "CD31": 3179.0300819147847,
    "CD34": 58.965910494418786,
    "CD206": 146.53358639196335,
    "CD44": 1276.0273030188107
  },
  "assignment_counts": {
    "neutrophil": 64,
    "activated_m2_cd44": 7,
    "activated_m2_cd140b": 1,
    "m2_macrophage": 6,
    "activated_myeloid_cd44": 3,
    "activated_myeloid_cd140b": 2,
    "myeloid": 8,
    "activated_immune": 5,
    "immune_cells": 86,
    "activated_endothelial_cd44": 59,
    "activated_endothelial_cd140b": 83,
    "endothelial": 19,
    "activated_fibroblast_cd44": 80,
    "activated_fibroblast_cd140b": 19,
    "fibroblast": 106,
    "unassigned": 1795
  },
  "ambiguity_rate": 0.06444728979940248,
  "n_multi_assigned": 151,
  "unassigned_fraction": 0.7661118224498507
}