{
  "n_superpixels": 2412,
  "thresholds_used": {
    "CD45": 1.6526891123030656,
    "CD11b": 2.6906352152079576,
    "Ly6G": 2.0532634365824247,
    "CD140a": 2.189252188142182,
    "CD140b": 2.405082346304409,
    "CD31": 2.455014837951911,
    "CD34": 2.0709084210800497,
    "CD206": 2.181012681990051,
    "CD44": 2.530747671432621
  },
  "assignment_counts": {
    "neutrophil": 135,
    "activated_m2_cd44": 17,
    "activated_m2_cd140b": 0,
    "m2_macrophage": 7,
    "activated_myeloid_cd44": 14,
    "activated_myeloid_cd140b": 1,
    "myeloid": 6,
    "activated_immune": 4,
    "immune_cells": 21,
    "activated_endothelial_cd44": 6,
    "activated_endothelial_cd140b": 10,
    "endothelial": 36,
    "activated_fibroblast_cd44": 5,
    "activated_fibroblast_cd140b": 15,
    "fibroblast": 15,
    "unassigned": 2120
  },
  "ambiguity_rate": 0.0,
  "n_multi_assigned": 0,
  "unassigned_fraction": 0.87893864013267
}