{
  "n_superpixels": 2469,
  "thresholds_used": {
    "CD45": 1.625809200415159,
    "CD11b": 2.628232414662799,
    "Ly6G": 1.8612135756335586,
    "CD140a": 2.629154635123218,
    "CD140b": 2.362592784768977,
    "CD31": 2.5929227114781055,
    "CD34": 2.16200106512956,
    "CD206": 2.0722552422412037,
    "CD44": 2.351666827670298
  },
  "assignment_counts": {
    "neutrophil": 141,
    "activated_m2_cd44": 80,
    "activated_m2_cd140b": 13,
    "m2_macrophage": 53,
    "activated_myeloid_cd44": 15,
    "activated_myeloid_cd140b": 4,
    "myeloid": 22,
    "activated_immune": 9,
    "immune_cells": 58,
    "activated_endothelial_cd44": 199,
    "activated_endothelial_cd140b": 59,
    "endothelial": 136,
    "activated_fibroblast_cd44": 77,
    "activated_fibroblast_cd140b": 57,
    "fibroblast": 63,
    "unassigned": 1483
  },
  "ambiguity_rate": 0.17051437829080598,
  "n_multi_assigned": 421,
  "unassigned_fraction": 0.6006480356419603
}