{
  "n_superpixels": 2469,
  "thresholds_used": {
    "CD45": 1.625809200415159,
    "CD11b": 2.628232414662799,
    "Ly6G": 1.8612135756335586,
    "CD140a": 2.629154635123218,
    "CD140b": 2.362592784768977,
    "CD31": 2.5929227114781055,
    "CD34": 2.16200106512956,
    "CD206": 2.0722552422412037,
    "CD44": 2.351666827670298
  },
  "assignment_counts": {
    "neutrophil": 141,
    "activated_m2_cd44": 18,
    "activated_m2_cd140b": 2,
    "m2_macrophage": 41,
    "activated_myeloid_cd44": 8,
    "activated_myeloid_cd140b": 2,
    "myeloid": 19,
    "activated_immune": 0,
    "immune_cells": 27,
    "activated_endothelial_cd44": 9,
    "activated_endothelial_cd140b": 7,
    "endothelial": 56,
    "activated_fibroblast_cd44": 3,
    "activated_fibroblast_cd140b": 27,
    "fibroblast": 27,
    "unassigned": 2082
  },
  "ambiguity_rate": 0.0,
  "n_multi_assigned": 0,
  "unassigned_fraction": 0.8432563791008505
}