{
  "n_superpixels": 2372,
  "thresholds_used": {
    "CD45": 1.6608856209784675,
    "CD11b": 2.521715004542524,
    "Ly6G": 2.38114182415281,
    "CD140a": 2.4528181507807063,
    "CD140b": 2.84382143418354,
    "CD31": 2.684471106806571,
    "CD34": 2.5400285868273578,
    "CD206": 2.5262110444312094,
    "CD44": 3.0164508481473815
  },
  "assignment_counts": {
    "neutrophil": 85,
    "activated_m2_cd44": 18,
    "activated_m2_cd140b": 3,
    "m2_macrophage": 4,
    "activated_myeloid_cd44": 18,
    "activated_myeloid_cd140b": 2,
    "myeloid": 6,
    "activated_immune": 1,
    "immune_cells": 51,
    "activated_endothelial_cd44": 2,
    "activated_endothelial_cd140b": 7,
    "endothelial": 33,
    "activated_fibroblast_cd44": 0,
    "activated_fibroblast_cd140b": 17,
    "fibroblast": 8,
    "unassigned": 2117
  },
  "ambiguity_rate": 0.0,
  "n_multi_assigned": 0,
  "unassigned_fraction": 0.892495784148398
}