{
  "n_superpixels": 2437,
  "thresholds_used": {
    "CD45": 1241.6306647241054,
    "CD11b": 1663.4919849863657,
    "Ly6G": 3063.8511268915486,
    "CD140a": 1160.3713291249537,
    "CD140b": 3142.540811852233,
    "CD31": 1820.5357149296156,
    "CD34": 2995.878530272497,
    "CD206": 1615.5670083558384,
    "CD44": 4487.858980607804
  },
  "assignment_counts": {
    "neutrophil": 12,
    "activated_m2_cd44": 6,
    "activated_m2_cd140b": 3,
    "m2_macrophage": 13,
    "activated_myeloid_cd44": 2,
    "activated_myeloid_cd140b": 0,
    "myeloid": 4,
    "activated_immune": 8,
    "immune_cells": 65,
    "activated_endothelial_cd44": 106,
    "activated_endothelial_cd140b": 16,
    "endothelial": 17,
    "activated_fibroblast_cd44": 68,
    "activated_fibroblast_cd140b": 13,
    "fibroblast": 138,
    "unassigned": 1966
  },
  "ambiguity_rate": 0.05129257283545342,
  "n_multi_assigned": 125,
  "unassigned_fraction": 0.8067295855560115
}