{
  "0": {
    "cell_type": "activated_fibroblast",
    "confidence": 0.5,
    "n_cells": 485,
    "marker_enrichment": {
      "CD45": 0.16187477187512167,
      "CD11b": 0.4669251486568084,
      "Ly6G": 0.5599185858419323,
      "CD140a": 0.3712591587287092,
      "CD140b": 0.9737730657420843,
      "CD31": 0.48001595785515666,
      "CD34": 0.33894308907089077,
      "CD206": 0.1443590232459524,
      "CD44": 0.47116921554815794
    }
  },
  "1": {
    "cell_type": "neutrophil",
    "confidence": 0.6666666666666666,
    "n_cells": 449,
    "marker_enrichment": {
      "CD45": 0.4303933587854474,
      "CD11b": 1.617246613493956,
      "Ly6G": 1.7960784384174724,
      "CD140a": 0.49867773357132983,
      "CD140b": 1.0024477728124,
      "CD31": 0.47394863699027057,
      "CD34": 0.2962469446287395,
      "CD206": 0.13892088411198963,
      "CD44": 1.4022469148927668
    }
  },
  "2": {
    "cell_type": "activated_fibroblast",
    "confidence": 0.5,
    "n_cells": 412,
    "marker_enrichment": {
      "CD45": 0.1582192262425181,
      "CD11b": 0.3602288180317442,
      "Ly6G": 0.21181515070976878,
      "CD140a": 0.16770312337638438,
      "CD140b": 0.9805019931525956,
      "CD31": 0.34050392114856837,
      "CD34": 0.30959935154074614,
      "CD206": 0.09860537755911107,
      "CD44": 0.3851504862199043
    }
  },
  "3": {
    "cell_type": "activated_immune_cd44",
    "confidence": 0.5,
    "n_cells": 398,
    "marker_enrichment": {
      "CD45": 0.30092829433409546,
      "CD11b": 1.8470786686063665,
      "Ly6G": 0.9000151153306325,
      "CD140a": 1.2482787339846548,
      "CD140b": 1.0295791742334526,
      "CD31": 1.3831956399030003,
      "CD34": 0.7350788984297231,
      "CD206": 0.14842249129941265,
      "CD44": 1.87037442762559
    }
  },
  "4": {
    "cell_type": "resting_endothelial",
    "confidence": 0.6,
    "n_cells": 323,
    "marker_enrichment": {
      "CD45": 0.8118313691594414,
      "CD11b": 0.44037005589812667,
      "Ly6G": 1.2660118469031199,
      "CD140a": 0.4652777199841282,
      "CD140b": 1.0191632608451844,
      "CD31": 1.8765722856704876,
      "CD34": 1.8060529357767185,
      "CD206": 0.6365982754594801,
      "CD44": 0.6496395924210586
    }
  },
  "5": {
    "cell_type": "neutrophil",
    "confidence": 0.6666666666666666,
    "n_cells": 218,
    "marker_enrichment": {
      "CD45": 1.8747571543576362,
      "CD11b": 1.1783713875469157,
      "Ly6G": 1.5411392222544815,
      "CD140a": 1.5512502274893774,
      "CD140b": 1.0100039428982133,
      "CD31": 1.9816650655755312,
      "CD34": 3.4409016007547786,
      "CD206": 0.47611140366034405,
      "CD44": 1.191134364169634
    }
  },
  "6": {
    "cell_type": "activated_immune_cd44",
    "confidence": 0.75,
    "n_cells": 87,
    "marker_enrichment": {
      "CD45": 14.303100497692643,
      "CD11b": 1.5715114915819641,
      "Ly6G": 1.1912210577216162,
      "CD140a": 10.501921029173054,
      "CD140b": 0.9943803194677722,
      "CD31": 2.269586318043636,
      "CD34": 3.689767149790582,
      "CD206": 21.040221847074015,
      "CD44": 1.6239329127997835
    }
  }
}