{
  "n_superpixels": 2478,
  "thresholds_used": {
    "CD45": 5152.229355921058,
    "CD11b": 4632.950241915744,
    "Ly6G": 2015.0168034207309,
    "CD140a": 2454.059620576528,
    "CD140b": 634.6548672285774,
    "CD31": 4078.2500196236224,
    "CD34": 5140.632274283279,
    "CD206": 3110.347238071413,
    "CD44": 6193.548774640299
  },
  "assignment_counts": {
    "neutrophil": 127,
    "activated_m2_cd44": 95,
    "activated_m2_cd140b": 1,
    "m2_macrophage": 29,
    "activated_myeloid_cd44": 19,
    "activated_myeloid_cd140b": 1,
    "myeloid": 20,
    "activated_immune": 2,
    "immune_cells": 82,
    "activated_endothelial_cd44": 160,
    "activated_endothelial_cd140b": 121,
    "endothelial": 20,
    "activated_fibroblast_cd44": 9,
    "activated_fibroblast_cd140b": 10,
    "fibroblast": 59,
    "unassigned": 1723
  },
  "ambiguity_rate": 0.10088781275221953,
  "n_multi_assigned": 250,
  "unassigned_fraction": 0.695318805488297
}