{
  "0": {
    "cell_type": "endothelial",
    "confidence": 0.6,
    "n_cells": 535,
    "marker_enrichment": {
      "CD45": 0.18471584796034868,
      "CD11b": 0.1095972611818771,
      "Ly6G": 0.5396524496134171,
      "CD140a": 0.4981414673560676,
      "CD140b": 0.08483722439545437,
      "CD31": 0.7318564423169948,
      "CD34": 0.8013361209944495,
      "CD206": 0.6256959089122566,
      "CD44": 0.1559360631901944
    }
  },
  "1": {
    "cell_type": "immune_cells",
    "confidence": 0.8333333333333334,
    "n_cells": 532,
    "marker_enrichment": {
      "CD45": 0.46442959602844536,
      "CD11b": 0.12858842991382688,
      "Ly6G": 0.2733871821956626,
      "CD140a": 0.18757380406434435,
      "CD140b": 0.1181560796101484,
      "CD31": 0.18766889893759178,
      "CD34": 0.10329078136845703,
      "CD206": 0.4350014793977106,
      "CD44": 0.13137091474487167
    }
  },
  "2": {
    "cell_type": "endothelial",
    "confidence": 0.6,
    "n_cells": 506,
    "marker_enrichment": {
      "CD45": 0.31615543220908354,
      "CD11b": 0.27276006550569837,
      "Ly6G": 0.4628172212417373,
      "CD140a": 0.4876815046324136,
      "CD140b": 0.4188215300994019,
      "CD31": 1.283559901719429,
      "CD34": 1.0554421134991738,
      "CD206": 1.2751019881303527,
      "CD44": 0.381197376068265
    }
  },
  "3": {
    "cell_type": "endothelial",
    "confidence": 0.8,
    "n_cells": 406,
    "marker_enrichment": {
      "CD45": 0.4120019224116488,
      "CD11b": 0.7509194958275444,
      "Ly6G": 1.6575211760315611,
      "CD140a": 1.2554904018870954,
      "CD140b": 0.20377183945429247,
      "CD31": 1.7496564110975867,
      "CD34": 2.1659244210289876,
      "CD206": 1.3895176561530194,
      "CD44": 0.850855932179851
    }
  },
  "4": {
    "cell_type": "activated_endothelial_cd44",
    "confidence": 0.5,
    "n_cells": 140,
    "marker_enrichment": {
      "CD45": 0.6246912539369999,
      "CD11b": 10.808385335524148,
      "Ly6G": 5.226412662455367,
      "CD140a": 0.5569053917655958,
      "CD140b": 0.1628671294787943,
      "CD31": 0.943534379628142,
      "CD34": 1.056527383985556,
      "CD206": 0.7870915121032793,
      "CD44": 10.19894000200368
    }
  },
  "5": {
    "cell_type": "endothelial",
    "confidence": 0.8,
    "n_cells": 91,
    "marker_enrichment": {
      "CD45": 1.7007575282087197,
      "CD11b": 0.32624970950034476,
      "Ly6G": 0.9537568853795358,
      "CD140a": 4.311104355703073,
      "CD140b": 0.24909528170008935,
      "CD31": 1.6995672559941362,
      "CD34": 1.6840471514715454,
      "CD206": 3.013795387089353,
      "CD44": 0.2787270694724305
    }
  },
  "6": {
    "cell_type": "activated_m2_cd44",
    "confidence": 0.6666666666666666,
    "n_cells": 86,
    "marker_enrichment": {
      "CD45": 2.430890616627888,
      "CD11b": 2.590355193187336,
      "Ly6G": 0.8045938365405023,
      "CD140a": 1.3651779278515304,
      "CD140b": 0.20914624948479593,
      "CD31": 3.5173633663381687,
      "CD34": 1.151994815914403,
      "CD206": 1.5070069305039606,
      "CD44": 1.9597162038058398
    }
  },
  "7": {
    "cell_type": "activated_immune",
    "confidence": 0.6666666666666666,
    "n_cells": 33,
    "marker_enrichment": {
      "CD45": 36.75004119461552,
      "CD11b": 0.24115890997596812,
      "Ly6G": 0.6392829048926787,
      "CD140a": 0.2540954440030079,
      "CD140b": 57.151067268163466,
      "CD31": -3.4904436901623743,
      "CD34": 0.9400642337584456,
      "CD206": 1.2013048616149016,
      "CD44": 0.2368237241823915
    }
  },
  "8": {
    "cell_type": "immune_cells",
    "confidence": 0.3333333333333333,
    "n_cells": 27,
    "marker_enrichment": {
      "CD45": 0.6970142216848844,
      "CD11b": 0.46203892294398013,
      "Ly6G": 3.923103407181177,
      "CD140a": 23.597829778812315,
      "CD140b": 0.13544901772774276,
      "CD31": 1.1374479546815266,
      "CD34": 1.0244317328454138,
      "CD206": 0.9923066268120664,
      "CD44": 1.2883318061140643
    }
  }
}