{
  "n_superpixels": 2328,
  "thresholds_used": {
    "CD45": 1889.5622417148059,
    "CD11b": 667.4982757814497,
    "Ly6G": 2164.85888512954,
    "CD140a": 1133.7132672683806,
    "CD140b": 1065.7477227478748,
    "CD31": 2767.973971889904,
    "CD34": 1116.0766498370488,
    "CD206": 402.9043052156924,
    "CD44": 3024.5117690332054
  },
  "assignment_counts": {
    "neutrophil": 102,
    "activated_m2_cd44": 17,
    "activated_m2_cd140b": 4,
    "m2_macrophage": 2,
    "activated_myeloid_cd44": 18,
    "activated_myeloid_cd140b": 8,
    "myeloid": 8,
    "activated_immune": 5,
    "immune_cells": 114,
    "activated_endothelial_cd44": 89,
    "activated_endothelial_cd140b": 75,
    "endothelial": 53,
    "activated_fibroblast_cd44": 62,
    "activated_fibroblast_cd140b": 8,
    "fibroblast": 79,
    "unassigned": 1684
  },
  "ambiguity_rate": 0.07388316151202749,
  "n_multi_assigned": 172,
  "unassigned_fraction": 0.7233676975945017
}