{
  "n_superpixels": 2364,
  "thresholds_used": {
    "CD45": 1.6886697237130917,
    "CD11b": 2.7737397465138685,
    "Ly6G": 2.001922933754928,
    "CD140a": 2.498271163550959,
    "CD140b": 2.991423731442714,
    "CD31": 3.104610379990129,
    "CD34": 2.8303301037889548,
    "CD206": 2.275138936039119,
    "CD44": 3.4125772707758784
  },
  "assignment_counts": {
    "neutrophil": 152,
    "activated_m2_cd44": 6,
    "activated_m2_cd140b": 1,
    "m2_macrophage": 1,
    "activated_myeloid_cd44": 3,
    "activated_myeloid_cd140b": 0,
    "myeloid": 4,
    "activated_immune": 0,
    "immune_cells": 28,
    "activated_endothelial_cd44": 4,
    "activated_endothelial_cd140b": 15,
    "endothelial": 61,
    "activated_fibroblast_cd44": 3,
    "activated_fibroblast_cd140b": 16,
    "fibroblast": 13,
    "unassigned": 2057
  },
  "ambiguity_rate": 0.0,
  "n_multi_assigned": 0,
  "unassigned_fraction": 0.8701353637901861
}