{
  "0": {
    "cell_type": "immune_cells",
    "confidence": 0.8333333333333334,
    "n_cells": 409,
    "marker_enrichment": {
      "CD45": 0.03706201193001429,
      "CD11b": 0.2861398662505258,
      "Ly6G": 0.22541928517585466,
      "CD140a": 0.08509354606495458,
      "CD140b": 0.41397507078641343,
      "CD31": -0.13195597304754245,
      "CD34": 0.34185600808953465,
      "CD206": 0.11613186723249519,
      "CD44": 0.2528827192671591
    }
  },
  "1": {
    "cell_type": "immune_cells",
    "confidence": 0.6666666666666666,
    "n_cells": 301,
    "marker_enrichment": {
      "CD45": 0.48104713444723746,
      "CD11b": 0.48734216407804387,
      "Ly6G": 0.6974195498405125,
      "CD140a": 0.5821388665238333,
      "CD140b": 0.46910210618818354,
      "CD31": 0.7393615115031259,
      "CD34": 0.6436276904081406,
      "CD206": 0.5654290791902786,
      "CD44": 0.42610166433391927
    }
  },
  "2": {
    "cell_type": "activated_endothelial_cd140b",
    "confidence": 0.75,
    "n_cells": 254,
    "marker_enrichment": {
      "CD45": 1.476947827146782,
      "CD11b": 1.2271304234036442,
      "Ly6G": 1.4490816842845597,
      "CD140a": 1.7553123923190992,
      "CD140b": 1.7693101138641962,
      "CD31": 3.6761409076846325,
      "CD34": 2.1192490283381344,
      "CD206": 1.2557183144338844,
      "CD44": 0.9080468936860691
    }
  },
  "3": {
    "cell_type": "fibroblast",
    "confidence": 0.5,
    "n_cells": 207,
    "marker_enrichment": {
      "CD45": 0.4226913095609914,
      "CD11b": 0.9146337948178274,
      "Ly6G": 0.5077381959067262,
      "CD140a": 0.24782003660830831,
      "CD140b": 0.5945181323891237,
      "CD31": 0.20478919870892584,
      "CD34": 0.7634654246864834,
      "CD206": 1.5130416874512476,
      "CD44": 0.7034453055208925
    }
  },
  "4": {
    "cell_type": "immune_cells",
    "confidence": 0.8333333333333334,
    "n_cells": 207,
    "marker_enrichment": {
      "CD45": 2.3561073290713077,
      "CD11b": 0.7319516434169095,
      "Ly6G": 0.7403569356290062,
      "CD140a": 0.9133177845847089,
      "CD140b": 0.4512142308402263,
      "CD31": -0.05184855139309246,
      "CD34": 0.4964410918355254,
      "CD206": 0.9441869079311507,
      "CD44": 0.5306532932716045
    }
  },
  "5": {
    "cell_type": "unknown",
    "confidence": 0.0,
    "n_cells": 183,
    "marker_enrichment": {
      "CD45": 0.7976078791913107,
      "CD11b": 0.8179108852821851,
      "Ly6G": 1.875770845695015,
      "CD140a": 0.8648028182325128,
      "CD140b": 0.888882029372489,
      "CD31": 0.796774560193387,
      "CD34": 0.7634002846218786,
      "CD206": 0.8268286117080995,
      "CD44": 0.776305846787238
    }
  },
  "6": {
    "cell_type": "unknown",
    "confidence": 0.0,
    "n_cells": 167,
    "marker_enrichment": {
      "CD45": 0.9509290869255486,
      "CD11b": 1.398006773214046,
      "Ly6G": 1.4812741638131863,
      "CD140a": 1.283705521426759,
      "CD140b": 0.6136274826667858,
      "CD31": 0.7899847994590846,
      "CD34": 0.8706752441163077,
      "CD206": 1.452268100243732,
      "CD44": 1.0206219006865331
    }
  },
  "7": {
    "cell_type": "activated_immune",
    "confidence": 0.5,
    "n_cells": 157,
    "marker_enrichment": {
      "CD45": 1.8577877808040397,
      "CD11b": 1.495951091510729,
      "Ly6G": 0.9644926917466878,
      "CD140a": 2.33486060298084,
      "CD140b": 2.0760942734824663,
      "CD31": 1.2023264654162467,
      "CD34": 1.5483693699128382,
      "CD206": 1.2584844322436557,
      "CD44": 3.3612678746859888
    }
  },
  "8": {
    "cell_type": "activated_endothelial_cd44",
    "confidence": 0.75,
    "n_cells": 155,
    "marker_enrichment": {
      "CD45": 0.1810859169257727,
      "CD11b": 0.3069772944354016,
      "Ly6G": 0.11633890770862491,
      "CD140a": -0.28162119682818454,
      "CD140b": 2.536932402564195,
      "CD31": 0.2737311874783988,
      "CD34": 1.5938059690434214,
      "CD206": 0.3391309524070758,
      "CD44": 2.2439352056381483
    }
  },
  "9": {
    "cell_type": "neutrophil",
    "confidence": 0.5,
    "n_cells": 152,
    "marker_enrichment": {
      "CD45": 3.5956783999245103,
      "CD11b": 1.4548616343616727,
      "Ly6G": 2.64895535599415,
      "CD140a": 2.8077202024123737,
      "CD140b": 0.6848144323367011,
      "CD31": 1.3866534622153368,
      "CD34": 0.7977708669029936,
      "CD206": 2.044244586411972,
      "CD44": 1.0328007359447868
    }
  },
  "10": {
    "cell_type": "activated_endothelial_cd44",
    "confidence": 1.0,
    "n_cells": 118,
    "marker_enrichment": {
      "CD45": 0.34238904503463885,
      "CD11b": 2.2625877416234093,
      "Ly6G": 1.5884895194318387,
      "CD140a": 0.6122768489466749,
      "CD140b": 1.6301240884887878,
      "CD31": 1.8508078706446232,
      "CD34": 1.7660716887443113,
      "CD206": 2.527782971489365,
      "CD44": 2.12105000906442
    }
  },
  "11": {
    "cell_type": "unknown",
    "confidence": 0.0,
    "n_cells": 50,
    "marker_enrichment": {
      "CD45": 0.8653593635689276,
      "CD11b": 0.6080855186269173,
      "Ly6G": 0.6590133264069529,
      "CD140a": 1.0390825544423077,
      "CD140b": 1.207353534500768,
      "CD31": 1.261973898546149,
      "CD34": 1.212326748856996,
      "CD206": 0.8458700602613755,
      "CD44": 0.8693798556602754
    }
  },
  "12": {
    "cell_type": "activated_fibroblast_cd140b",
    "confidence": 0.6,
    "n_cells": 46,
    "marker_enrichment": {
      "CD45": 0.32338732133255815,
      "CD11b": 0.9125497824900042,
      "Ly6G": 0.593884062702562,
      "CD140a": 0.14852506857497383,
      "CD140b": 1.5762696375793583,
      "CD31": 0.1787786260263742,
      "CD34": 1.0532830975772804,
      "CD206": 1.208688696533753,
      "CD44": 1.0823251572465962
    }
  },
  "13": {
    "cell_type": "neutrophil",
    "confidence": 0.75,
    "n_cells": 38,
    "marker_enrichment": {
      "CD45": 1.4472903255798497,
      "CD11b": 8.228468494097362,
      "Ly6G": 1.7312857457874296,
      "CD140a": 7.645058499961107,
      "CD140b": 0.41771953407008017,
      "CD31": -0.38979895354108723,
      "CD34": 0.340060762272987,
      "CD206": 1.0017866054644227,
      "CD44": 1.317750111696482
    }
  },
  "14": {
    "cell_type": "immune_cells",
    "confidence": 0.5,
    "n_cells": 29,
    "marker_enrichment": {
      "CD45": -0.1734054814547052,
      "CD11b": 0.2852369327945834,
      "Ly6G": 0.003542834626603881,
      "CD140a": -0.5473174750580618,
      "CD140b": 0.7049680407226354,
      "CD31": -0.9362711571780226,
      "CD34": 0.7070651640372079,
      "CD206": 0.13827231693090147,
      "CD44": 0.49800926014839314
    }
  },
  "15": {
    "cell_type": "activated_endothelial_cd140b",
    "confidence": 0.75,
    "n_cells": 17,
    "marker_enrichment": {
      "CD45": 3.5367589864277695,
      "CD11b": 1.5702531312740065,
      "Ly6G": 5.006890779646133,
      "CD140a": 3.868238893203436,
      "CD140b": 3.7447434102836925,
      "CD31": 22.856937375794054,
      "CD34": 6.468701878431926,
      "CD206": 3.044049480234332,
      "CD44": 1.1254629173070745
    }
  }
}