{
  "n_superpixels": 2478,
  "thresholds_used": {
    "CD45": 2.6257685070170127,
    "CD11b": 3.430457696266723,
    "Ly6G": 2.178080729522432,
    "CD140a": 2.871855466698426,
    "CD140b": 3.1925413294221974,
    "CD31": 2.6979480900730164,
    "CD34": 2.17789879357012,
    "CD206": 2.567264152495174,
    "CD44": 4.0466749299440306
  },
  "assignment_counts": {
    "neutrophil": 201,
    "activated_m2_cd44": 108,
    "activated_m2_cd140b": 47,
    "m2_macrophage": 12,
    "activated_myeloid_cd44": 17,
    "activated_myeloid_cd140b": 9,
    "myeloid": 3,
    "activated_immune": 6,
    "immune_cells": 16,
    "activated_endothelial_cd44": 93,
    "activated_endothelial_cd140b": 103,
    "endothelial": 226,
    "activated_fibroblast_cd44": 57,
    "activated_fibroblast_cd140b": 29,
    "fibroblast": 14,
    "unassigned": 1537
  },
  "ambiguity_rate": 0.1565778853914447,
  "n_multi_assigned": 388,
  "unassigned_fraction": 0.6202582728006457
}