{
  "n_superpixels": 2471,
  "thresholds_used": {
    "CD45": 1.5626793156022316,
    "CD11b": 2.2160505732752585,
    "Ly6G": 1.7426445104331203,
    "CD140a": 2.2288940373200723,
    "CD140b": 2.0376589171610435,
    "CD31": 2.5323545404233743,
    "CD34": 2.013464936496018,
    "CD206": 1.7855619527740523,
    "CD44": 2.2883145772248836
  },
  "assignment_counts": {
    "neutrophil": 131,
    "activated_m2_cd44": 53,
    "activated_m2_cd140b": 9,
    "m2_macrophage": 20,
    "activated_myeloid_cd44": 46,
    "activated_myeloid_cd140b": 5,
    "myeloid": 23,
    "activated_immune": 17,
    "immune_cells": 54,
    "activated_endothelial_cd44": 174,
    "activated_endothelial_cd140b": 62,
    "endothelial": 79,
    "activated_fibroblast_cd44": 49,
    "activated_fibroblast_cd140b": 48,
    "fibroblast": 61,
    "unassigned": 1640
  },
  "ambiguity_rate": 0.14042897612302713,
  "n_multi_assigned": 347,
  "unassigned_fraction": 0.6636989073249696
}