{
  "n_superpixels": 2457,
  "thresholds_used": {
    "CD45": 1600.237068201914,
    "CD11b": 2531.6433355131685,
    "Ly6G": 2257.9235652287657,
    "CD140a": 682.7974180460224,
    "CD140b": 2107.8243362662333,
    "CD31": 1089.5798688797465,
    "CD34": 2055.8544435248846,
    "CD206": 142.89541805362776,
    "CD44": 1909.573795599768
  },
  "assignment_counts": {
    "neutrophil": 13,
    "activated_m2_cd44": 23,
    "activated_m2_cd140b": 4,
    "m2_macrophage": 7,
    "activated_myeloid_cd44": 12,
    "activated_myeloid_cd140b": 5,
    "myeloid": 9,
    "activated_immune": 18,
    "immune_cells": 22,
    "activated_endothelial_cd44": 53,
    "activated_endothelial_cd140b": 10,
    "endothelial": 32,
    "activated_fibroblast_cd44": 124,
    "activated_fibroblast_cd140b": 9,
    "fibroblast": 80,
    "unassigned": 2036
  },
  "ambiguity_rate": 0.04110704110704111,
  "n_multi_assigned": 101,
  "unassigned_fraction": 0.8286528286528286
}