{
  "0": {
    "cell_type": "neutrophil",
    "confidence": 0.3333333333333333,
    "n_cells": 205,
    "marker_enrichment": {
      "CD45": 0.8157314341140123,
      "CD11b": 0.13985236379383675,
      "Ly6G": 1.5965893110215503,
      "CD140a": 1.1472905778117866,
      "CD140b": 1.2444996790999392,
      "CD31": 1.485645672273485,
      "CD34": 0.9284412944200269,
      "CD206": 0.7839634272278985,
      "CD44": 0.2513464513788599
    }
  },
  "1": {
    "cell_type": "resting_endothelial",
    "confidence": 0.4,
    "n_cells": 202,
    "marker_enrichment": {
      "CD45": 0.7242534744987686,
      "CD11b": -0.5288263963750576,
      "Ly6G": 0.44946998899326823,
      "CD140a": 0.5785973115302945,
      "CD140b": 0.09875397083396277,
      "CD31": 0.4736084110129003,
      "CD34": 0.02346027349460171,
      "CD206": -0.43207627828087053,
      "CD44": -0.44723414077573165
    }
  },
  "2": {
    "cell_type": "activated_endothelial_cd140b",
    "confidence": 0.75,
    "n_cells": 176,
    "marker_enrichment": {
      "CD45": 0.622616636701276,
      "CD11b": 0.34655842092299943,
      "Ly6G": 0.6953500938213224,
      "CD140a": 1.3452099729022253,
      "CD140b": 5.409816023136031,
      "CD31": 3.0589917779404256,
      "CD34": 0.31709031667361354,
      "CD206": 0.06292082796533277,
      "CD44": 0.4269894404980461
    }
  },
  "3": {
    "cell_type": "resting_endothelial",
    "confidence": 0.6,
    "n_cells": 173,
    "marker_enrichment": {
      "CD45": 0.6591020727428653,
      "CD11b": 0.21723946984081832,
      "Ly6G": 0.46528261963678413,
      "CD140a": 0.2560370967198685,
      "CD140b": 0.05553653980321939,
      "CD31": 0.1389713679271838,
      "CD34": 1.2563219078743648,
      "CD206": -0.060376424327148744,
      "CD44": 0.2422523675419788
    }
  },
  "4": {
    "cell_type": "resting_endothelial",
    "confidence": 0.6,
    "n_cells": 164,
    "marker_enrichment": {
      "CD45": 0.47732199422439897,
      "CD11b": 0.2730547395680877,
      "Ly6G": -0.13236133214035037,
      "CD140a": 0.4445057293731424,
      "CD140b": 0.049983764719699605,
      "CD31": 0.08274509387024334,
      "CD34": 0.3399406795084873,
      "CD206": 0.10800788431833017,
      "CD44": 0.2509846611887344
    }
  },
  "5": {
    "cell_type": "activated_immune_cd44",
    "confidence": 0.5,
    "n_cells": 163,
    "marker_enrichment": {
      "CD45": 1.0567023791041266,
      "CD11b": 1.5944568742642595,
      "Ly6G": 0.9265738458313006,
      "CD140a": 0.7789456715337958,
      "CD140b": 0.12571419503134856,
      "CD31": 0.3358141388082549,
      "CD34": 0.7671204038343986,
      "CD206": 0.7672741242427253,
      "CD44": 1.3632315017997532
    }
  },
  "6": {
    "cell_type": "activated_immune_cd44",
    "confidence": 1.0,
    "n_cells": 152,
    "marker_enrichment": {
      "CD45": 1.5904226299929396,
      "CD11b": 2.8845188523705216,
      "Ly6G": 0.9583001337687341,
      "CD140a": 1.1164355605580445,
      "CD140b": 0.21899598798168662,
      "CD31": 0.20071077677649152,
      "CD34": 1.0034151573334749,
      "CD206": 1.3295760308059754,
      "CD44": 2.358597893238434
    }
  },
  "7": {
    "cell_type": "neutrophil",
    "confidence": 1.0,
    "n_cells": 131,
    "marker_enrichment": {
      "CD45": 1.7012349702077951,
      "CD11b": 0.5363324287733998,
      "Ly6G": 3.245175413172446,
      "CD140a": 1.6084620552344149,
      "CD140b": 0.13315740997026684,
      "CD31": 0.47804263641254213,
      "CD34": 0.32927858029240026,
      "CD206": 0.41024749327143417,
      "CD44": 0.2611537520327465
    }
  },
  "8": {
    "cell_type": "resting_endothelial",
    "confidence": 0.4,
    "n_cells": 130,
    "marker_enrichment": {
      "CD45": 0.628835280120304,
      "CD11b": 0.8302260560627895,
      "Ly6G": 0.7723283789968458,
      "CD140a": 0.7977009759085613,
      "CD140b": 0.5550488628477223,
      "CD31": 1.054048672273335,
      "CD34": 0.8342486478456952,
      "CD206": 1.2598174926868477,
      "CD44": 0.9438682700723688
    }
  },
  "9": {
    "cell_type": "neutrophil",
    "confidence": 0.3333333333333333,
    "n_cells": 124,
    "marker_enrichment": {
      "CD45": 1.345675930398529,
      "CD11b": 1.3377256530345618,
      "Ly6G": 0.4212598495600162,
      "CD140a": 0.968327634890159,
      "CD140b": 0.054244716453435454,
      "CD31": 0.15060720956779855,
      "CD34": 0.4550675845581112,
      "CD206": 0.6676578539472539,
      "CD44": 1.0794740617039773
    }
  },
  "10": {
    "cell_type": "activated_immune_cd44",
    "confidence": 0.5,
    "n_cells": 123,
    "marker_enrichment": {
      "CD45": 0.9581243620877856,
      "CD11b": 2.13719216235344,
      "Ly6G": 2.636986368941522,
      "CD140a": 4.471934581118774,
      "CD140b": 0.700431364273958,
      "CD31": 1.746979474737161,
      "CD34": 1.290173791827226,
      "CD206": 3.120674202129225,
      "CD44": 1.9811170094006447
    }
  },
  "11": {
    "cell_type": "activated_immune_cd44",
    "confidence": 0.75,
    "n_cells": 99,
    "marker_enrichment": {
      "CD45": 3.3382321844407405,
      "CD11b": 4.991515878521848,
      "Ly6G": 12.407004179765842,
      "CD140a": 5.36148349371895,
      "CD140b": 0.607484373585313,
      "CD31": 3.6452004888750555,
      "CD34": 3.6482407197848254,
      "CD206": 6.262887435247551,
      "CD44": 6.365208600352771
    }
  },
  "12": {
    "cell_type": "neutrophil",
    "confidence": 1.0,
    "n_cells": 97,
    "marker_enrichment": {
      "CD45": 2.154441366498528,
      "CD11b": 1.9021384006081936,
      "Ly6G": 4.824146110975194,
      "CD140a": 1.1896068779497342,
      "CD140b": 0.23972322249559694,
      "CD31": 0.36229362376901275,
      "CD34": 1.2971766991424687,
      "CD206": 0.7206446152094682,
      "CD44": 1.436818046222252
    }
  },
  "13": {
    "cell_type": "neutrophil",
    "confidence": 0.3333333333333333,
    "n_cells": 89,
    "marker_enrichment": {
      "CD45": 0.7121472336275761,
      "CD11b": 1.1500733307820648,
      "Ly6G": 0.558922200518227,
      "CD140a": 0.5280246133911076,
      "CD140b": 0.11162412674359941,
      "CD31": 0.40488756218013217,
      "CD34": 0.41503721558152434,
      "CD206": 0.4923375627103056,
      "CD44": 0.8884113453393709
    }
  },
  "14": {
    "cell_type": "activated_endothelial_cd140b",
    "confidence": 1.0,
    "n_cells": 81,
    "marker_enrichment": {
      "CD45": 0.5779206842885507,
      "CD11b": 0.8058067408827214,
      "Ly6G": 0.6878402175728703,
      "CD140a": 0.9703658966629832,
      "CD140b": 3.811195606106231,
      "CD31": 3.900971300443257,
      "CD34": 3.6670708489494106,
      "CD206": 4.1726501339256306,
      "CD44": 1.1954668933715284
    }
  },
  "15": {
    "cell_type": "resting_endothelial",
    "confidence": 0.4,
    "n_cells": 71,
    "marker_enrichment": {
      "CD45": 0.8061691852147395,
      "CD11b": -0.15733565721253298,
      "Ly6G": 1.010371760221969,
      "CD140a": 0.7134610293960342,
      "CD140b": 0.1141267575061947,
      "CD31": 0.2622332199505124,
      "CD34": 0.15415417160815872,
      "CD206": -0.15905407701422017,
      "CD44": -0.1133915209737424
    }
  },
  "16": {
    "cell_type": "activated_fibroblast",
    "confidence": 0.5,
    "n_cells": 64,
    "marker_enrichment": {
      "CD45": -0.031604908828460516,
      "CD11b": 0.3959642901769816,
      "Ly6G": -3.62602518071405,
      "CD140a": -0.02475337522949839,
      "CD140b": 0.27189098664648165,
      "CD31": 0.27171780147899044,
      "CD34": 0.5343541818026951,
      "CD206": 0.29777126708040863,
      "CD44": 0.7732386750895373
    }
  },
  "17": {
    "cell_type": "activated_endothelial_cd44",
    "confidence": 0.5,
    "n_cells": 54,
    "marker_enrichment": {
      "CD45": 0.7941659545529918,
      "CD11b": 1.146171346060711,
      "Ly6G": 1.1758178745305807,
      "CD140a": 1.5236970729819554,
      "CD140b": 0.7529462869556365,
      "CD31": 1.1398842773328193,
      "CD34": 3.0859824225634913,
      "CD206": 2.4265276736223163,
      "CD44": 1.5256701959935024
    }
  },