{
  "n_superpixels": 2431,
  "thresholds_used": {
    "CD45": 1.6986060040870012,
    "CD11b": 2.6418881342167206,
    "Ly6G": 1.9179408618780063,
    "CD140a": 2.6403081323578443,
    "CD140b": 2.560439066854286,
    "CD31": 2.651016752936513,
    "CD34": 2.347950742775529,
    "CD206": 2.144423860930399,
    "CD44": 2.560385351473785
  },
  "assignment_counts": {
    "neutrophil": 165,
    "activated_m2_cd44": 24,
    "activated_m2_cd140b": 2,
    "m2_macrophage": 20,
    "activated_myeloid_cd44": 7,
    "activated_myeloid_cd140b": 1,
    "myeloid": 11,
    "activated_immune": 1,
    "immune_cells": 27,
    "activated_endothelial_cd44": 11,
    "activated_endothelial_cd140b": 11,
    "endothelial": 83,
    "activated_fibroblast_cd44": 2,
    "activated_fibroblast_cd140b": 16,
    "fibroblast": 24,
    "unassigned": 2026
  },
  "ambiguity_rate": 0.0,
  "n_multi_assigned": 0,
  "unassigned_fraction": 0.8334018922254216
}