{
  "n_superpixels": 2448,
  "thresholds_used": {
    "CD45": 1.6604911498490538,
    "CD11b": 2.5848279008352617,
    "Ly6G": 1.8154168416806005,
    "CD140a": 2.3217024494725846,
    "CD140b": 2.2941772645071006,
    "CD31": 2.7741353592027735,
    "CD34": 2.24672420186875,
    "CD206": 2.0608176110712058,
    "CD44": 2.493269136681298
  },
  "assignment_counts": {
    "neutrophil": 165,
    "activated_m2_cd44": 24,
    "activated_m2_cd140b": 1,
    "m2_macrophage": 19,
    "activated_myeloid_cd44": 5,
    "activated_myeloid_cd140b": 1,
    "myeloid": 5,
    "activated_immune": 1,
    "immune_cells": 26,
    "activated_endothelial_cd44": 7,
    "activated_endothelial_cd140b": 12,
    "endothelial": 83,
    "activated_fibroblast_cd44": 4,
    "activated_fibroblast_cd140b": 25,
    "fibroblast": 40,
    "unassigned": 2030
  },
  "ambiguity_rate": 0.0,
  "n_multi_assigned": 0,
  "unassigned_fraction": 0.829248366013072
}