{
  "n_superpixels": 2490,
  "thresholds_used": {
    "CD45": 1.9759227988009556,
    "CD11b": 2.2041000285786705,
    "Ly6G": 1.9121721079231007,
    "CD140a": 2.307021641041834,
    "CD140b": 1.9299600962340568,
    "CD31": 2.7634027827424275,
    "CD34": 2.3432891487670675,
    "CD206": 2.1148580792324982,
    "CD44": 2.160909233354578
  },
  "assignment_counts": {
    "neutrophil": 135,
    "activated_m2_cd44": 11,
    "activated_m2_cd140b": 5,
    "m2_macrophage": 44,
    "activated_myeloid_cd44": 4,
    "activated_myeloid_cd140b": 2,
    "myeloid": 32,
    "activated_immune": 0,
    "immune_cells": 25,
    "activated_endothelial_cd44": 8,
    "activated_endothelial_cd140b": 10,
    "endothelial": 58,
    "activated_fibroblast_cd44": 13,
    "activated_fibroblast_cd140b": 13,
    "fibroblast": 43,
    "unassigned": 2087
  },
  "ambiguity_rate": 0.0,
  "n_multi_assigned": 0,
  "unassigned_fraction": 0.838152610441767
}