{
  "0": {
    "cell_type": "immune_cells",
    "confidence": 0.8333333333333334,
    "n_cells": 742,
    "marker_enrichment": {
      "CD45": 0.1573639452613735,
      "CD11b": 0.26812407454883114,
      "Ly6G": 0.4151135771195092,
      "CD140a": 0.534330683203423,
      "CD140b": 0.42359559123133905,
      "CD31": 0.5460383720687677,
      "CD34": 0.0647742573025806,
      "CD206": 0.11474462541267927,
      "CD44": 0.47241334212865693
    }
  },
  "1": {
    "cell_type": "immune_cells",
    "confidence": 0.6666666666666666,
    "n_cells": 558,
    "marker_enrichment": {
      "CD45": 0.11859462095632697,
      "CD11b": 0.24665414259067814,
      "Ly6G": 0.20181023430930642,
      "CD140a": 0.6581283189864895,
      "CD140b": 0.5130564781255244,
      "CD31": 0.8691946142734157,
      "CD34": 0.06082070710648294,
      "CD206": 0.18684710387126513,
      "CD44": 0.40641850266931356
    }
  },
  "2": {
    "cell_type": "activated_fibroblast_cd44",
    "confidence": 0.6,
    "n_cells": 423,
    "marker_enrichment": {
      "CD45": 0.2593135785778607,
      "CD11b": 0.6004773447300353,
      "Ly6G": 0.4478049353177093,
      "CD140a": 1.587061921726169,
      "CD140b": 0.9480723772709355,
      "CD31": 1.43907362036184,
      "CD34": 0.08169567481055405,
      "CD206": 0.3123423494428795,
      "CD44": 1.0818166474859374
    }
  },
  "3": {
    "cell_type": "activated_fibroblast_cd44",
    "confidence": 0.6,
    "n_cells": 270,
    "marker_enrichment": {
      "CD45": 0.5437241071384565,
      "CD11b": 0.44912837180986726,
      "Ly6G": 0.6041058896126308,
      "CD140a": 1.1637443871067004,
      "CD140b": 0.9910229538992753,
      "CD31": 0.6609582691044268,
      "CD34": 0.40778242342553217,
      "CD206": 0.4300860694931434,
      "CD44": 0.6727666976256427
    }
  },
  "4": {
    "cell_type": "activated_endothelial_cd44",
    "confidence": 0.75,
    "n_cells": 142,
    "marker_enrichment": {
      "CD45": 11.989840925112636,
      "CD11b": 2.212594697329946,
      "Ly6G": 2.0059042230433684,
      "CD140a": 0.8942358331105291,
      "CD140b": 5.456822598984859,
      "CD31": 3.036751298893351,
      "CD34": 13.421134045566246,
      "CD206": 12.32685631041142,
      "CD44": 2.0496802925753457
    }
  },
  "5": {
    "cell_type": "activated_endothelial_cd44",
    "confidence": 0.5,
    "n_cells": 136,
    "marker_enrichment": {
      "CD45": 0.4530826010371651,
      "CD11b": 9.184111993449893,
      "Ly6G": 4.720104529253381,
      "CD140a": 1.3512796627495305,
      "CD140b": 1.5991136575044644,
      "CD31": 1.1165376177208493,
      "CD34": 1.4728775913484018,
      "CD206": 1.0520952446553566,
      "CD44": 4.729907773708304
    }
  },
  "6": {
    "cell_type": "neutrophil",
    "confidence": 0.75,
    "n_cells": 72,
    "marker_enrichment": {
      "CD45": 1.9359493937327188,
      "CD11b": 0.9433981913764341,
      "Ly6G": 8.931568354820602,
      "CD140a": 3.9305184892210847,
      "CD140b": 1.1312149569070187,
      "CD31": 1.1468647032805745,
      "CD34": 0.1420643729479214,
      "CD206": 0.16466947297704412,
      "CD44": 2.6681981477144134
    }
  }
}