{
  "n_superpixels": 2343,
  "thresholds_used": {
    "CD45": 1.651398231475256,
    "CD11b": 2.1528717671239823,
    "Ly6G": 1.989835205178743,
    "CD140a": 2.1821888779767096,
    "CD140b": 2.3572137643875837,
    "CD31": 2.6286357978338604,
    "CD34": 2.04123621050886,
    "CD206": 2.0138663093843374,
    "CD44": 2.4921202184632896
  },
  "assignment_counts": {
    "neutrophil": 113,
    "activated_m2_cd44": 6,
    "activated_m2_cd140b": 1,
    "m2_macrophage": 8,
    "activated_myeloid_cd44": 15,
    "activated_myeloid_cd140b": 1,
    "myeloid": 0,
    "activated_immune": 2,
    "immune_cells": 28,
    "activated_endothelial_cd44": 6,
    "activated_endothelial_cd140b": 11,
    "endothelial": 30,
    "activated_fibroblast_cd44": 4,
    "activated_fibroblast_cd140b": 23,
    "fibroblast": 18,
    "unassigned": 2077
  },
  "ambiguity_rate": 0.0,
  "n_multi_assigned": 0,
  "unassigned_fraction": 0.8864703371745625
}