{
  "n_superpixels": 2356,
  "thresholds_used": {
    "CD45": 34.13911162567239,
    "CD11b": 34.54068410158676,
    "Ly6G": 422.5814945556062,
    "CD140a": 176.3979452513591,
    "CD140b": 21.58339112981943,
    "CD31": 583.1621956601073,
    "CD34": 1058.739361201041,
    "CD206": 1556.6415838242658,
    "CD44": 89.04170370764479
  },
  "assignment_counts": {
    "activated_immune_cd44": 149,
    "activated_immune_cd140b": 21,
    "m2_macrophage": 10,
    "activated_endothelial_cd44": 80,
    "activated_endothelial_cd140b": 77,
    "activated_fibroblast": 79,
    "neutrophil": 24,
    "resting_endothelial": 53,
    "unassigned": 1863
  },
  "ambiguity_rate": 0.08743633276740238,
  "n_multi_assigned": 206,
  "unassigned_fraction": 0.7907470288624788
}