{
  "0": {
    "cell_type": "neutrophil",
    "confidence": 0.5,
    "n_cells": 482,
    "marker_enrichment": {
      "CD45": 0.9156653515972416,
      "CD11b": 1.010796774269303,
      "Ly6G": 0.40958952859692604,
      "CD140a": 0.6107721668090634,
      "CD140b": 0.42633985272782676,
      "CD31": 0.32073807046844177,
      "CD34": 0.19326288358556556,
      "CD206": 0.7560644904666691,
      "CD44": 1.1829789993075799
    }
  },
  "1": {
    "cell_type": "immune_cells",
    "confidence": 0.8333333333333334,
    "n_cells": 457,
    "marker_enrichment": {
      "CD45": 0.415374984321271,
      "CD11b": 0.3261173775516659,
      "Ly6G": 0.2003947969463572,
      "CD140a": 0.6444675420773364,
      "CD140b": 0.20966847465698263,
      "CD31": 0.13602030229621626,
      "CD34": 0.1765482724810378,
      "CD206": 0.1647691337542273,
      "CD44": -0.10230812706618189
    }
  },
  "2": {
    "cell_type": "activated_fibroblast_cd44",
    "confidence": 0.6,
    "n_cells": 429,
    "marker_enrichment": {
      "CD45": 1.7693186095475122,
      "CD11b": 1.3205121866361538,
      "Ly6G": 0.7124891155175718,
      "CD140a": 1.9527657151054587,
      "CD140b": 0.40113078939318697,
      "CD31": 0.23686981598994447,
      "CD34": 0.838304583849934,
      "CD206": 1.0184575270010523,
      "CD44": 2.3300373460438095
    }
  },
  "3": {
    "cell_type": "immune_cells",
    "confidence": 0.8333333333333334,
    "n_cells": 421,
    "marker_enrichment": {
      "CD45": 0.9098091871030377,
      "CD11b": 0.4978234503128331,
      "Ly6G": 0.27009502567168836,
      "CD140a": 1.1262533774670391,
      "CD140b": 0.11480631474289477,
      "CD31": 0.10304145396513985,
      "CD34": 0.2488030705082553,
      "CD206": 0.5395677658939382,
      "CD44": 0.6079626955957519
    }
  },
  "4": {
    "cell_type": "activated_m2_cd44",
    "confidence": 0.6666666666666666,
    "n_cells": 195,
    "marker_enrichment": {
      "CD45": 1.7942993837580576,
      "CD11b": 2.588438092892725,
      "Ly6G": 1.3686965897473145,
      "CD140a": 1.3003158646516428,
      "CD140b": 6.712123127101615,
      "CD31": 1.798805435283,
      "CD34": 0.795542759470458,
      "CD206": 3.2488496949566175,
      "CD44": 1.6930690826130954
    }
  },
  "5": {
    "cell_type": "fibroblast",
    "confidence": 0.8333333333333334,
    "n_cells": 125,
    "marker_enrichment": {
      "CD45": 0.3704249690975696,
      "CD11b": 0.9274152615166754,
      "Ly6G": 0.06769218144374267,
      "CD140a": 0.692201691871009,
      "CD140b": 0.06148498911493009,
      "CD31": 0.048118783060824226,
      "CD34": 0.17419636447280457,
      "CD206": 0.3268678506769206,
      "CD44": 0.5637248811273773
    }
  },
  "6": {
    "cell_type": "activated_endothelial_cd140b",
    "confidence": 0.75,
    "n_cells": 123,
    "marker_enrichment": {
      "CD45": 1.1926659802519046,
      "CD11b": 1.5354951182016499,
      "Ly6G": 10.998845612932785,
      "CD140a": 0.6207630345774737,
      "CD140b": 4.13104718980965,
      "CD31": 13.302692529180113,
      "CD34": 12.469783244020643,
      "CD206": 4.499064362036863,
      "CD44": 1.3690154404835784
    }
  },
  "7": {
    "cell_type": "fibroblast",
    "confidence": 0.8333333333333334,
    "n_cells": 121,
    "marker_enrichment": {
      "CD45": 0.30355489833952826,
      "CD11b": 1.1613146956750655,
      "Ly6G": 0.1600515278063158,
      "CD140a": 0.33476225696171896,
      "CD140b": 0.09687701979442986,
      "CD31": 0.09718763097267034,
      "CD34": 0.12433037274161757,
      "CD206": 0.22464822138425658,
      "CD44": 0.050389722494609566
    }
  },
  "8": {
    "cell_type": "immune_cells",
    "confidence": 0.6666666666666666,
    "n_cells": 11,
    "marker_enrichment": {
      "CD45": 1.0123656535075964,
      "CD11b": 0.14723628120123758,
      "Ly6G": 0.7316350645529878,
      "CD140a": 0.568190339853702,
      "CD140b": 0.5342339767568288,
      "CD31": -0.2297657721994853,
      "CD34": 0.004842969076972729,
      "CD206": 0.4772354341145221,
      "CD44": 0.9018621138651783
    }
  }
}