{
  "n_superpixels": 2463,
  "thresholds_used": {
    "CD45": 227.42324895805072,
    "CD11b": 216.6945555847396,
    "Ly6G": 816.1557887360676,
    "CD140a": 733.5266718275273,
    "CD140b": 6210.254376007201,
    "CD31": 1511.0727832189507,
    "CD34": 17.41200798506417,
    "CD206": 788.9811344319141,
    "CD44": 2123.8287512577604
  },
  "assignment_counts": {
    "neutrophil": 81,
    "activated_m2_cd44": 4,
    "activated_m2_cd140b": 15,
    "m2_macrophage": 25,
    "activated_myeloid_cd44": 4,
    "activated_myeloid_cd140b": 21,
    "myeloid": 36,
    "activated_immune": 3,
    "immune_cells": 36,
    "activated_endothelial_cd44": 111,
    "activated_endothelial_cd140b": 26,
    "endothelial": 28,
    "activated_fibroblast_cd44": 76,
    "activated_fibroblast_cd140b": 38,
    "fibroblast": 71,
    "unassigned": 1888
  },
  "ambiguity_rate": 0.0637434023548518,
  "n_multi_assigned": 157,
  "unassigned_fraction": 0.7665448639870077
}