{
  "0": {
    "cell_type": "resting_endothelial",
    "confidence": 0.4,
    "n_cells": 243,
    "marker_enrichment": {
      "CD45": 0.9551051209383509,
      "CD11b": 0.24242880654417379,
      "Ly6G": 0.36323011949507095,
      "CD140a": 0.27186683110723336,
      "CD140b": 0.23768270501529495,
      "CD31": 0.26925958393109545,
      "CD34": 0.3804241223968993,
      "CD206": 0.33308536423172047,
      "CD44": 0.2807018628460224
    }
  },
  "1": {
    "cell_type": "activated_immune_cd140b",
    "confidence": 0.5,
    "n_cells": 209,
    "marker_enrichment": {
      "CD45": 1.021495615632414,
      "CD11b": 2.375519847736366,
      "Ly6G": 1.021551973215627,
      "CD140a": 6.350772496610436,
      "CD140b": 1.9080586637846493,
      "CD31": 1.4033613674459429,
      "CD34": 0.9621361461078559,
      "CD206": 1.857570395653991,
      "CD44": 1.060019314684334
    }
  },
  "2": {
    "cell_type": "resting_endothelial",
    "confidence": 0.4,
    "n_cells": 182,
    "marker_enrichment": {
      "CD45": 1.0128121552014078,
      "CD11b": 0.37909509512312367,
      "Ly6G": 0.5133044142947858,
      "CD140a": 0.38335068922883675,
      "CD140b": 0.39497669200893837,
      "CD31": 0.6759395758759212,
      "CD34": 0.47838078377623117,
      "CD206": 0.3257879076818914,
      "CD44": 0.35837728055577084
    }
  },
  "3": {
    "cell_type": "resting_endothelial",
    "confidence": 0.4,
    "n_cells": 178,
    "marker_enrichment": {
      "CD45": 0.9133898440577494,
      "CD11b": 0.4293839791766045,
      "Ly6G": 0.7781534003261853,
      "CD140a": 0.6201180488121264,
      "CD140b": 0.46175564446811596,
      "CD31": 0.9628511159416623,
      "CD34": 0.7663487173415136,
      "CD206": 0.5151742977681785,
      "CD44": 0.5162830494064595
    }
  },
  "4": {
    "cell_type": "resting_endothelial",
    "confidence": 0.6,
    "n_cells": 171,
    "marker_enrichment": {
      "CD45": 1.0269852803278123,
      "CD11b": 0.612376075291189,
      "Ly6G": 0.9953089426331683,
      "CD140a": 1.491132014316997,
      "CD140b": 0.6518335720536103,
      "CD31": 1.8068325127666722,
      "CD34": 0.9069977753340498,
      "CD206": 0.42595722568094974,
      "CD44": 0.5147394893812428
    }
  },
  "5": {
    "cell_type": "activated_immune_cd44",
    "confidence": 0.75,
    "n_cells": 147,
    "marker_enrichment": {
      "CD45": 1.0182603802561725,
      "CD11b": 3.5958967667160424,
      "Ly6G": 1.35936810298125,
      "CD140a": -2.5338295762137744,
      "CD140b": 3.785275268207877,
      "CD31": 0.536603622860538,
      "CD34": 1.4539825617158297,
      "CD206": 4.614190536526457,
      "CD44": 1.5902843811295841
    }
  },
  "6": {
    "cell_type": "resting_endothelial",
    "confidence": 0.4,
    "n_cells": 145,
    "marker_enrichment": {
      "CD45": 1.1850881633938288,
      "CD11b": 0.46840222718948976,
      "Ly6G": 0.6899941637706962,
      "CD140a": 0.124446096498551,
      "CD140b": 0.5253763161024303,
      "CD31": 0.4784189660254397,
      "CD34": 0.735275782004643,
      "CD206": 0.4058415771319202,
      "CD44": 0.6145477782453397
    }
  },
  "7": {
    "cell_type": "resting_endothelial",
    "confidence": 0.4,
    "n_cells": 132,
    "marker_enrichment": {
      "CD45": 0.8900232134876506,
      "CD11b": 0.3909218843673867,
      "Ly6G": 0.5804205775256432,
      "CD140a": -0.038534137105466285,
      "CD140b": 0.5069242774174659,
      "CD31": 0.28524897209703154,
      "CD34": 0.7321264719269535,
      "CD206": 0.5996801246896462,
      "CD44": 0.6003118061277041
    }
  },
  "8": {
    "cell_type": "resting_endothelial",
    "confidence": 0.4,
    "n_cells": 120,
    "marker_enrichment": {
      "CD45": 1.006915599898294,
      "CD11b": 0.3457055919609282,
      "Ly6G": 0.7924020720545307,
      "CD140a": 0.3209540682532737,
      "CD140b": 0.41140184137014146,
      "CD31": 0.49721783243191975,
      "CD34": 0.8376384886475279,
      "CD206": 0.36790777163443283,
      "CD44": 0.38947367639418506
    }
  },
  "9": {
    "cell_type": "neutrophil",
    "confidence": 0.3333333333333333,
    "n_cells": 119,
    "marker_enrichment": {
      "CD45": 1.0469876691254472,
      "CD11b": 1.285625123972863,
      "Ly6G": 1.5312743467264145,
      "CD140a": 0.4746866563367964,
      "CD140b": 1.3383889564332743,
      "CD31": 3.0896688842955085,
      "CD34": 1.1543850635833486,
      "CD206": 1.1850492823835657,
      "CD44": 1.1658469136749987
    }
  },
  "10": {
    "cell_type": "activated_endothelial_cd44",
    "confidence": 0.75,
    "n_cells": 103,
    "marker_enrichment": {
      "CD45": 1.065220406523835,
      "CD11b": 0.8662131557059934,
      "Ly6G": 1.6218330276227118,
      "CD140a": 1.1746052761605272,
      "CD140b": 0.8342073150151693,
      "CD31": 1.5694991406578327,
      "CD34": 1.6166947988768905,
      "CD206": 0.7577991447959954,
      "CD44": 2.730719580503176
    }
  },
  "11": {
    "cell_type": "unknown",
    "confidence": 0.0,
    "n_cells": 103,
    "marker_enrichment": {
      "CD45": 0.9868359287214445,
      "CD11b": 0.7783234470409426,
      "Ly6G": 1.4092348104279828,
      "CD140a": 0.38215797869060936,
      "CD140b": 0.678083831073551,
      "CD31": 1.1711493969263251,
      "CD34": 1.1317471861705128,
      "CD206": 0.602160174469512,
      "CD44": 3.8626190998301766
    }
  },
  "12": {
    "cell_type": "activated_immune_cd140b",
    "confidence": 0.75,
    "n_cells": 101,
    "marker_enrichment": {
      "CD45": 0.9855093433896817,
      "CD11b": 2.0903286774173315,
      "Ly6G": 1.4015454191804249,
      "CD140a": 0.728335905261935,
      "CD140b": 2.466867733908701,
      "CD31": 0.5821273942416839,
      "CD34": 1.5754394127171567,
      "CD206": 1.876695187076634,
      "CD44": 1.3374566349043289
    }
  },
  "13": {
    "cell_type": "neutrophil",
    "confidence": 0.3333333333333333,
    "n_cells": 98,
    "marker_enrichment": {
      "CD45": 0.988976017010471,
      "CD11b": 0.807812292972295,
      "Ly6G": 2.4697980771621673,
      "CD140a": 0.08670015345120415,
      "CD140b": 0.9127689331306311,
      "CD31": 1.2066472174963323,
      "CD34": 2.7414035433173773,
      "CD206": 0.6571513867318649,
      "CD44": 1.464488445281221
    }
  },
  "14": {
    "cell_type": "unknown",
    "confidence": 0.0,
    "n_cells": 95,
    "marker_enrichment": {
      "CD45": 1.046540231597498,
      "CD11b": 0.7449091747899464,
      "Ly6G": 1.0621479846352,
      "CD140a": 1.2231405347727344,
      "CD140b": 0.6875236324314692,
      "CD31": 0.9924718458765419,
      "CD34": 1.1049724410757893,
      "CD206": 0.45818570340376913,
      "CD44": 0.771933295294615
    }
  },
  "15": {
    "cell_type": "resting_endothelial",
    "confidence": 0.4,
    "n_cells": 76,
    "marker_enrichment": {
      "CD45": 0.9366160232397437,
      "CD11b": 0.24295815954813693,
      "Ly6G": 0.6532090665287921,
      "CD140a": -1.6075086871087763,
      "CD140b": 0.3357756648370083,
      "CD31": 0.26496606249583526,
      "CD34": 0.7958649860975421,
      "CD206": 0.7259509392573613,
      "CD44": 0.5312033794215745
    }
  },
  "16": {
    "cell_type": "resting_endothelial",
    "confidence": 0.4,
    "n_cells": 72,
    "marker_enrichment": {
      "CD45": 0.9159162211605374,
      "CD11b": 0.20743415037224347,
      "Ly6G": 0.7418469615126462,
      "CD140a": 0.4318854054153814,
      "CD140b": 0.2580206180383625,
      "CD31": 1.322107743855776,
      "CD34": 0.6716013077090691,
      "CD206": 0.31292050172620467,
      "CD44": 0.49020105465264213
    }
  },
  "17": {
    "cell_type": "neutrophil",
    "confidence": 0.3333333333333333,
    "n_cells": 57,
    "marker_enrichment": {
      "CD45": 0.9682698779232833,
      "CD11b": 0.6974836333050063,
      "Ly6G": 1.0986085018904062,
      "CD140a": 0.37154958017586515,
      "CD140b": 0.7287174276820894,
      "CD31": 0.5189393107607649,
      "CD34": 1.2795927630933768,
      "CD206": 0.759962373258655,
      "CD44": 1.455460603578306
    }
  },