{
  "n_superpixels": 2448,
  "thresholds_used": {
    "CD45": 1.6604911498490538,
    "CD11b": 2.5848279008352617,
    "Ly6G": 1.8154168416806005,
    "CD140a": 2.3217024494725846,
    "CD140b": 2.2941772645071006,
    "CD31": 2.7741353592027735,
    "CD34": 2.24672420186875,
    "CD206": 2.0608176110712058,
    "CD44": 2.493269136681298
  },
  "assignment_counts": {
    "neutrophil": 165,
    "activated_m2_cd44": 102,
    "activated_m2_cd140b": 12,
    "m2_macrophage": 28,
    "activated_myeloid_cd44": 17,
    "activated_myeloid_cd140b": 3,
    "myeloid": 8,
    "activated_immune": 15,
    "immune_cells": 49,
    "activated_endothelial_cd44": 137,
    "activated_endothelial_cd140b": 63,
    "endothelial": 177,
    "activated_fibroblast_cd44": 68,
    "activated_fibroblast_cd140b": 51,
    "fibroblast": 79,
    "unassigned": 1474
  },
  "ambiguity_rate": 0.15808823529411764,
  "n_multi_assigned": 387,
  "unassigned_fraction": 0.6021241830065359
}