{
  "n_superpixels": 2490,
  "thresholds_used": {
    "CD45": 3785.7906262293673,
    "CD11b": 4762.641991149207,
    "Ly6G": 10257.885070887542,
    "CD140a": 4081.1766304524217,
    "CD140b": 6480.902403325959,
    "CD31": 2985.3748290119556,
    "CD34": 8392.164345125148,
    "CD206": 9716.0559729862,
    "CD44": 7488.2479000081175
  },
  "assignment_counts": {
    "neutrophil": 125,
    "activated_m2_cd44": 18,
    "activated_m2_cd140b": 6,
    "m2_macrophage": 27,
    "activated_myeloid_cd44": 3,
    "activated_myeloid_cd140b": 3,
    "myeloid": 14,
    "activated_immune": 9,
    "immune_cells": 102,
    "activated_endothelial_cd44": 120,
    "activated_endothelial_cd140b": 65,
    "endothelial": 54,
    "activated_fibroblast_cd44": 47,
    "activated_fibroblast_cd140b": 4,
    "fibroblast": 50,
    "unassigned": 1843
  },
  "ambiguity_rate": 0.09076305220883533,
  "n_multi_assigned": 226,
  "unassigned_fraction": 0.7401606425702811
}