{
  "0": {
    "cell_type": "resting_endothelial",
    "confidence": 0.6,
    "n_cells": 266,
    "marker_enrichment": {
      "CD45": 0.29344753805534723,
      "CD11b": 0.0018927673936520787,
      "Ly6G": 0.19859615133293815,
      "CD140a": 0.35380387190118445,
      "CD140b": 0.37688351746388954,
      "CD31": -0.028929554266381784,
      "CD34": 0.1659318572289729,
      "CD206": 0.15631274068804576,
      "CD44": 0.21635664084178619
    }
  },
  "1": {
    "cell_type": "activated_fibroblast",
    "confidence": 0.5,
    "n_cells": 196,
    "marker_enrichment": {
      "CD45": 0.5326912140551344,
      "CD11b": 0.02207404632463268,
      "Ly6G": 0.6971135356122613,
      "CD140a": 0.642077019522336,
      "CD140b": 0.8032425977669456,
      "CD31": 0.024966549804068223,
      "CD34": 0.35312034365100514,
      "CD206": 0.3292429174165086,
      "CD44": 0.6334245872739914
    }
  },
  "2": {
    "cell_type": "activated_immune_cd44",
    "confidence": 0.75,
    "n_cells": 182,
    "marker_enrichment": {
      "CD45": 0.7839490715962936,
      "CD11b": 1.5146042392793022,
      "Ly6G": 3.0833186086620534,
      "CD140a": 3.2896307036799244,
      "CD140b": 0.513550142558719,
      "CD31": 0.6473323416360035,
      "CD34": 0.39402945752242224,
      "CD206": 0.8525087345376862,
      "CD44": 4.485719102464978
    }
  },
  "3": {
    "cell_type": "neutrophil",
    "confidence": 0.3333333333333333,
    "n_cells": 181,
    "marker_enrichment": {
      "CD45": 0.6968522981022838,
      "CD11b": 0.05201960764859543,
      "Ly6G": 0.700933456767276,
      "CD140a": 0.2710335500299809,
      "CD140b": 0.9708307986802451,
      "CD31": 0.0445043857397466,
      "CD34": 0.16019894121892012,
      "CD206": 0.1435738379470521,
      "CD44": 0.21759440313434356
    }
  },
  "4": {
    "cell_type": "resting_endothelial",
    "confidence": 0.6,
    "n_cells": 158,
    "marker_enrichment": {
      "CD45": 0.579487797363358,
      "CD11b": 0.051049129661731876,
      "Ly6G": 0.23110784505273682,
      "CD140a": 0.5768698027529955,
      "CD140b": 0.15037010620082258,
      "CD31": 0.03539763063573713,
      "CD34": 0.06322704642988547,
      "CD206": 0.08029149565740491,
      "CD44": 0.31597058037714715
    }
  },
  "5": {
    "cell_type": "activated_immune_cd140b",
    "confidence": 0.5,
    "n_cells": 145,
    "marker_enrichment": {
      "CD45": 0.9229689915103202,
      "CD11b": 0.03885850613870649,
      "Ly6G": 1.2986645862125905,
      "CD140a": 0.5150113833489872,
      "CD140b": 2.412215221338408,
      "CD31": 0.018596677826126316,
      "CD34": 0.24138079837622375,
      "CD206": 0.21870976565018432,
      "CD44": 0.2957847254839622
    }
  },
  "6": {
    "cell_type": "neutrophil",
    "confidence": 0.3333333333333333,
    "n_cells": 144,
    "marker_enrichment": {
      "CD45": 1.3058176524633203,
      "CD11b": 0.0605668872353138,
      "Ly6G": 0.7372795171496521,
      "CD140a": 1.6463204084295358,
      "CD140b": 0.7827162851993076,
      "CD31": 0.1188171421086952,
      "CD34": 0.4588811020380872,
      "CD206": 0.5753809669533165,
      "CD44": 0.7900007231926655
    }
  },
  "7": {
    "cell_type": "resting_endothelial",
    "confidence": 0.6,
    "n_cells": 116,
    "marker_enrichment": {
      "CD45": 0.6241727344819638,
      "CD11b": 0.1962471405149654,
      "Ly6G": 0.4842337306372783,
      "CD140a": 0.7028293936733784,
      "CD140b": 0.5093153349333894,
      "CD31": 0.02696420916811683,
      "CD34": 0.16834364877489238,
      "CD206": 0.3070793084371811,
      "CD44": 0.25115442967268115
    }
  },
  "8": {
    "cell_type": "neutrophil",
    "confidence": 0.3333333333333333,
    "n_cells": 116,
    "marker_enrichment": {
      "CD45": 1.2777283036537124,
      "CD11b": 0.039714025111572675,
      "Ly6G": 1.0409442879598914,
      "CD140a": 1.1475389398776035,
      "CD140b": 1.4376371682766034,
      "CD31": 0.13007761632667725,
      "CD34": 0.8965319944914307,
      "CD206": 0.6840321942719847,
      "CD44": 1.0737831002069145
    }
  },
  "9": {
    "cell_type": "neutrophil",
    "confidence": 0.3333333333333333,
    "n_cells": 102,
    "marker_enrichment": {
      "CD45": 0.8590666964326938,
      "CD11b": 0.08545479112226904,
      "Ly6G": 0.7394920190710643,
      "CD140a": 0.42884032867192956,
      "CD140b": 0.8751739738923908,
      "CD31": 0.005037934118522735,
      "CD34": 0.16430554215246482,
      "CD206": 0.08794693764120884,
      "CD44": 0.2901307859668627
    }
  },
  "10": {
    "cell_type": "activated_immune_cd44",
    "confidence": 0.75,
    "n_cells": 99,
    "marker_enrichment": {
      "CD45": 2.391546082409455,
      "CD11b": 0.19866136002618956,
      "Ly6G": 1.4002145236406633,
      "CD140a": 2.0853259463081986,
      "CD140b": 1.6980470200022462,
      "CD31": 0.23954601196395156,
      "CD34": 1.2254613795621654,
      "CD206": 0.9305196133738652,
      "CD44": 1.715092774332708
    }
  },
  "11": {
    "cell_type": "neutrophil",
    "confidence": 0.6666666666666666,
    "n_cells": 98,
    "marker_enrichment": {
      "CD45": 3.4359815941354936,
      "CD11b": 0.8676740561371781,
      "Ly6G": 1.3638094890739343,
      "CD140a": 0.47416394557818825,
      "CD140b": 0.7741674777468359,
      "CD31": -0.04473378673796683,
      "CD34": 0.999867737816814,
      "CD206": 0.5029776816632496,
      "CD44": 0.47766199128897935
    }
  },
  "12": {
    "cell_type": "neutrophil",
    "confidence": 0.3333333333333333,
    "n_cells": 84,
    "marker_enrichment": {
      "CD45": 1.367141083430574,
      "CD11b": 0.16007029877805767,
      "Ly6G": 0.797557869026676,
      "CD140a": 0.614244090658921,
      "CD140b": 1.0009056112662391,
      "CD31": 0.08319301936273073,
      "CD34": 0.83112499156955,
      "CD206": 0.782626200047758,
      "CD44": 0.43929534222422983
    }
  },
  "13": {
    "cell_type": "neutrophil",
    "confidence": 0.3333333333333333,
    "n_cells": 73,
    "marker_enrichment": {
      "CD45": 1.2232455952137231,
      "CD11b": 0.053368945276335636,
      "Ly6G": 0.8292830615610686,
      "CD140a": 0.4514819431887131,
      "CD140b": 0.8805623468482373,
      "CD31": 0.03658768301547043,
      "CD34": 0.13040916093202864,
      "CD206": 0.08461927781083535,
      "CD44": 0.27405925287682387
    }
  },
  "14": {
    "cell_type": "activated_endothelial_cd44",
    "confidence": 0.75,
    "n_cells": 67,
    "marker_enrichment": {
      "CD45": 0.3365232128856077,
      "CD11b": -1.3333593092783853,
      "Ly6G": 1.1329432284210381,
      "CD140a": 1.3312148036788485,
      "CD140b": -0.22322316451262555,
      "CD31": 15.488904360003795,
      "CD34": -2.752009139601687,
      "CD206": 8.708079069904139,
      "CD44": 1.7222037579713576
    }
  },
  "15": {
    "cell_type": "activated_fibroblast",
    "confidence": 0.5,
    "n_cells": 64,
    "marker_enrichment": {
      "CD45": -0.5157403702954383,
      "CD11b": -0.13309347366204313,
      "Ly6G": 0.7988664514822321,
      "CD140a": 0.6659167138764748,
      "CD140b": 1.3096495205300085,
      "CD31": -0.47355018534532806,
      "CD34": -0.1325325711293761,
      "CD206": 0.1801465472458447,
      "CD44": 0.3857844082669014
    }
  },
  "16": {
    "cell_type": "activated_immune_cd140b",
    "confidence": 0.5,
    "n_cells": 59,
    "marker_enrichment": {
      "CD45": 1.570288141842524,
      "CD11b": -0.3063239097515525,
      "Ly6G": 0.3652056288361415,
      "CD140a": 0.6281510492538649,
      "CD140b": 2.532661373685039,
      "CD31": 4.761046936416502,
      "CD34": 1.4548005532280612,
      "CD206": 3.01807168891511,
      "CD44": 0.28152077352996374
    }
  },
  "17": {
    "cell_type": "neutrophil",
    "confidence": 0.6666666666666666,
    "n_cells": 57,
    "marker_enrichment": {
      "CD45": 1.9051079232301207,
      "CD11b": 0.0612275353333221,
      "Ly6G": 0.587284550261021,
      "CD140a": 0.5018474352514067,
      "CD140b": 0.5103884208025409,
      "CD31": -0.11422892138875912,
      "CD34": 0.4982913776077026,