{
  "0": {
    "cell_type": "unknown",
    "confidence": 0.0,
    "n_cells": 443,
    "marker_enrichment": {
      "CD45": 0.8354110469581894,
      "CD11b": 1.345731830466064,
      "Ly6G": 0.5524352092054025,
      "CD140a": 0.7745085312862873,
      "CD140b": 0.7537063633414177,
      "CD31": 0.8080992253599217,
      "CD34": 1.1438197742704734,
      "CD206": 1.094016453512502,
      "CD44": 0.7231470565949509
    }
  },
  "1": {
    "cell_type": "activated_endothelial_cd140b",
    "confidence": 0.75,
    "n_cells": 404,
    "marker_enrichment": {
      "CD45": 0.0305528695313168,
      "CD11b": 0.42285565932205327,
      "Ly6G": 0.636802590191571,
      "CD140a": 0.2572397162288349,
      "CD140b": 1.769698313830758,
      "CD31": 1.7458825282916837,
      "CD34": 0.9120105921527508,
      "CD206": 1.221300480693825,
      "CD44": 0.4489525292160292
    }
  },
  "2": {
    "cell_type": "neutrophil",
    "confidence": 0.6666666666666666,
    "n_cells": 398,
    "marker_enrichment": {
      "CD45": 1.8144732199272484,
      "CD11b": 0.9342668659475,
      "Ly6G": 2.3762070085983114,
      "CD140a": 1.7382633739604711,
      "CD140b": 2.034258184746948,
      "CD31": 1.1462746070670762,
      "CD34": 1.453709074281265,
      "CD206": 1.7144032782651042,
      "CD44": 3.1269338000116997
    }
  },
  "3": {
    "cell_type": "resting_endothelial",
    "confidence": 0.4,
    "n_cells": 372,
    "marker_enrichment": {
      "CD45": -0.28810260919431024,
      "CD11b": 0.7849547589450577,
      "Ly6G": 0.9116236581364492,
      "CD140a": 1.2914578323459631,
      "CD140b": 0.29210518531161694,
      "CD31": 0.6718720213793556,
      "CD34": 0.33726179709938886,
      "CD206": 0.5726133349232223,
      "CD44": 0.8370338409711753
    }
  },
  "4": {
    "cell_type": "resting_endothelial",
    "confidence": 0.6,
    "n_cells": 363,
    "marker_enrichment": {
      "CD45": 0.13393229972833046,
      "CD11b": 0.6632226365733769,
      "Ly6G": -0.24960152594246865,
      "CD140a": -0.14833182292242125,
      "CD140b": 0.1023782751058123,
      "CD31": 0.6534318504065819,
      "CD34": 0.5116744065355388,
      "CD206": 0.5026523117765159,
      "CD44": -0.2685654406230551
    }
  },
  "5": {
    "cell_type": "activated_immune_cd44",
    "confidence": 0.75,
    "n_cells": 198,
    "marker_enrichment": {
      "CD45": 2.903135389182876,
      "CD11b": 3.0084127501856712,
      "Ly6G": 2.632056573636629,
      "CD140a": 1.0927046707071328,
      "CD140b": 1.1393551263560076,
      "CD31": 0.9135661377033926,
      "CD34": 3.73069536767016,
      "CD206": 1.8074778933431572,
      "CD44": 1.5200289082899214
    }
  },
  "6": {
    "cell_type": "neutrophil",
    "confidence": 0.6666666666666666,
    "n_cells": 129,
    "marker_enrichment": {
      "CD45": 5.715558071068465,
      "CD11b": 0.6825158759672071,
      "Ly6G": 1.6044501807694667,
      "CD140a": 5.1315583011462405,
      "CD140b": 1.909529563181073,
      "CD31": 0.96815481122312,
      "CD34": 1.0171094572785497,
      "CD206": 1.060116790442562,
      "CD44": 1.46224639998282
    }
  },
  "7": {
    "cell_type": "resting_endothelial",
    "confidence": 0.4,
    "n_cells": 100,
    "marker_enrichment": {
      "CD45": 6.564447284301345,
      "CD11b": 0.4347000604935442,
      "Ly6G": 0.06352100559350933,
      "CD140a": 0.2842033430995151,
      "CD140b": -0.13168731948343548,
      "CD31": 1.0609584283042202,
      "CD34": 0.8968148930477517,
      "CD206": 1.0599690779056183,
      "CD44": -0.01621543614640554
    }
  },
  "8": {
    "cell_type": "resting_endothelial",
    "confidence": 0.6,
    "n_cells": 73,
    "marker_enrichment": {
      "CD45": -7.32337774605121,
      "CD11b": 1.1128169054884869,
      "Ly6G": 0.6750759464942488,
      "CD140a": 0.10704535037909842,
      "CD140b": 0.2319981534647945,
      "CD31": 0.8418102154629181,
      "CD34": -3.3493991915249697,
      "CD206": -2.4177360857782904,
      "CD44": 0.43682301370949694
    }
  }
}