{
  "n_superpixels": 2478,
  "thresholds_used": {
    "CD45": 2.6257685070170127,
    "CD11b": 3.430457696266723,
    "Ly6G": 2.178080729522432,
    "CD140a": 2.871855466698426,
    "CD140b": 3.1925413294221974,
    "CD31": 2.6979480900730164,
    "CD34": 2.17789879357012,
    "CD206": 2.567264152495174,
    "CD44": 4.0466749299440306
  },
  "assignment_counts": {
    "neutrophil": 201,
    "activated_m2_cd44": 15,
    "activated_m2_cd140b": 9,
    "m2_macrophage": 11,
    "activated_myeloid_cd44": 7,
    "activated_myeloid_cd140b": 2,
    "myeloid": 2,
    "activated_immune": 0,
    "immune_cells": 10,
    "activated_endothelial_cd44": 2,
    "activated_endothelial_cd140b": 23,
    "endothelial": 118,
    "activated_fibroblast_cd44": 4,
    "activated_fibroblast_cd140b": 10,
    "fibroblast": 7,
    "unassigned": 2057
  },
  "ambiguity_rate": 0.0,
  "n_multi_assigned": 0,
  "unassigned_fraction": 0.8301049233252623
}