{
  "n_superpixels": 2328,
  "thresholds_used": {
    "CD45": 1.865064837073801,
    "CD11b": 2.8852005077962466,
    "Ly6G": 2.2873271384802436,
    "CD140a": 2.5523681622848664,
    "CD140b": 2.8293228083608715,
    "CD31": 2.9422083044541814,
    "CD34": 2.672060044513005,
    "CD206": 2.400992052718335,
    "CD44": 3.431912829146241
  },
  "assignment_counts": {
    "neutrophil": 120,
    "activated_m2_cd44": 7,
    "activated_m2_cd140b": 2,
    "m2_macrophage": 7,
    "activated_myeloid_cd44": 5,
    "activated_myeloid_cd140b": 0,
    "myeloid": 9,
    "activated_immune": 0,
    "immune_cells": 21,
    "activated_endothelial_cd44": 12,
    "activated_endothelial_cd140b": 13,
    "endothelial": 54,
    "activated_fibroblast_cd44": 0,
    "activated_fibroblast_cd140b": 16,
    "fibroblast": 5,
    "unassigned": 2057
  },
  "ambiguity_rate": 0.0,
  "n_multi_assigned": 0,
  "unassigned_fraction": 0.8835910652920962
}