{
  "n_superpixels": 2372,
  "thresholds_used": {
    "CD45": 92.93966895647544,
    "CD11b": 751.2865694601725,
    "Ly6G": 1262.7534241969627,
    "CD140a": 197.72752034675335,
    "CD140b": 6317.346185621539,
    "CD31": 1002.836110078228,
    "CD34": 383.4745950504901,
    "CD206": 16.85009184448028,
    "CD44": 1584.9224609049043
  },
  "assignment_counts": {
    "activated_immune_cd44": 124,
    "activated_immune_cd140b": 26,
    "m2_macrophage": 27,
    "activated_endothelial_cd44": 178,
    "activated_endothelial_cd140b": 66,
    "activated_fibroblast": 112,
    "neutrophil": 44,
    "resting_endothelial": 72,
    "unassigned": 1723
  },
  "ambiguity_rate": 0.09021922428330523,
  "n_multi_assigned": 214,
  "unassigned_fraction": 0.7263912310286678
}