{
  "n_superpixels": 2465,
  "thresholds_used": {
    "CD45": 71.49292792557105,
    "CD11b": 56.292254519561844,
    "Ly6G": 1079.2359773225871,
    "CD140a": 1155.8715228368278,
    "CD140b": 394.76834264400173,
    "CD31": 1171.0046518642628,
    "CD34": 6204.189357278146,
    "CD206": 57.78717340053174,
    "CD44": 862.1953873056232
  },
  "assignment_counts": {
    "neutrophil": 35,
    "activated_m2_cd44": 45,
    "activated_m2_cd140b": 19,
    "m2_macrophage": 20,
    "activated_myeloid_cd44": 16,
    "activated_myeloid_cd140b": 2,
    "myeloid": 9,
    "activated_immune": 16,
    "immune_cells": 81,
    "activated_endothelial_cd44": 83,
    "activated_endothelial_cd140b": 87,
    "endothelial": 46,
    "activated_fibroblast_cd44": 75,
    "activated_fibroblast_cd140b": 22,
    "fibroblast": 76,
    "unassigned": 1833
  },
  "ambiguity_rate": 0.05030425963488844,
  "n_multi_assigned": 124,
  "unassigned_fraction": 0.7436105476673428
}