{
  "n_superpixels": 2421,
  "thresholds_used": {
    "CD45": 1785.5968327783573,
    "CD11b": 254.2833566951144,
    "Ly6G": 1097.4287069446077,
    "CD140a": 1163.2187149332242,
    "CD140b": 49.67130579720049,
    "CD31": 27.628412258672178,
    "CD34": 667.1029075245591,
    "CD206": 310.8894230229213,
    "CD44": 775.6238889969165
  },
  "assignment_counts": {
    "neutrophil": 31,
    "activated_m2_cd44": 4,
    "activated_m2_cd140b": 1,
    "m2_macrophage": 2,
    "activated_myeloid_cd44": 2,
    "activated_myeloid_cd140b": 2,
    "myeloid": 3,
    "activated_immune": 3,
    "immune_cells": 114,
    "activated_endothelial_cd44": 91,
    "activated_endothelial_cd140b": 34,
    "endothelial": 16,
    "activated_fibroblast_cd44": 82,
    "activated_fibroblast_cd140b": 66,
    "fibroblast": 69,
    "unassigned": 1901
  },
  "ambiguity_rate": 0.05328376703841388,
  "n_multi_assigned": 129,
  "unassigned_fraction": 0.785212722015696
}