{
  "n_superpixels": 2412,
  "thresholds_used": {
    "CD45": 1896.0880437571188,
    "CD11b": 7.605618168347819,
    "Ly6G": 984.1373541092623,
    "CD140a": 1286.186321421342,
    "CD140b": 2039.760023698933,
    "CD31": 44.21057569145765,
    "CD34": 88.45128157797494,
    "CD206": 104.66157702242427,
    "CD44": 575.5328516756691
  },
  "assignment_counts": {
    "neutrophil": 92,
    "activated_m2_cd44": 8,
    "activated_m2_cd140b": 3,
    "m2_macrophage": 10,
    "activated_myeloid_cd44": 2,
    "activated_myeloid_cd140b": 10,
    "myeloid": 16,
    "activated_immune": 7,
    "immune_cells": 66,
    "activated_endothelial_cd44": 108,
    "activated_endothelial_cd140b": 29,
    "endothelial": 40,
    "activated_fibroblast_cd44": 104,
    "activated_fibroblast_cd140b": 20,
    "fibroblast": 39,
    "unassigned": 1858
  },
  "ambiguity_rate": 0.052653399668325045,
  "n_multi_assigned": 127,
  "unassigned_fraction": 0.7703150912106136
}