{
  "n_superpixels": 2480,
  "thresholds_used": {
    "CD45": 2.1815725127960546,
    "CD11b": 2.7548219655641586,
    "Ly6G": 2.053536172302865,
    "CD140a": 2.5501616620051917,
    "CD140b": 2.805591525998929,
    "CD31": 3.073085164881849,
    "CD34": 2.348555563482713,
    "CD206": 1.9188964538143995,
    "CD44": 2.9513009481236705
  },
  "assignment_counts": {
    "neutrophil": 141,
    "activated_m2_cd44": 66,
    "activated_m2_cd140b": 71,
    "m2_macrophage": 18,
    "activated_myeloid_cd44": 20,
    "activated_myeloid_cd140b": 22,
    "myeloid": 14,
    "activated_immune": 7,
    "immune_cells": 20,
    "activated_endothelial_cd44": 92,
    "activated_endothelial_cd140b": 81,
    "endothelial": 167,
    "activated_fibroblast_cd44": 81,
    "activated_fibroblast_cd140b": 46,
    "fibroblast": 22,
    "unassigned": 1612
  },
  "ambiguity_rate": 0.10806451612903226,
  "n_multi_assigned": 268,
  "unassigned_fraction": 0.65
}