{
  "n_superpixels": 2471,
  "thresholds_used": {
    "CD45": 1.5626793156022316,
    "CD11b": 2.2160505732752585,
    "Ly6G": 1.7426445104331203,
    "CD140a": 2.2288940373200723,
    "CD140b": 2.0376589171610435,
    "CD31": 2.5323545404233743,
    "CD34": 2.013464936496018,
    "CD206": 1.7855619527740523,
    "CD44": 2.2883145772248836
  },
  "assignment_counts": {
    "neutrophil": 131,
    "activated_m2_cd44": 15,
    "activated_m2_cd140b": 3,
    "m2_macrophage": 12,
    "activated_myeloid_cd44": 12,
    "activated_myeloid_cd140b": 0,
    "myeloid": 19,
    "activated_immune": 4,
    "immune_cells": 22,
    "activated_endothelial_cd44": 16,
    "activated_endothelial_cd140b": 7,
    "endothelial": 32,
    "activated_fibroblast_cd44": 7,
    "activated_fibroblast_cd140b": 19,
    "fibroblast": 30,
    "unassigned": 2142
  },
  "ambiguity_rate": 0.0,
  "n_multi_assigned": 0,
  "unassigned_fraction": 0.8668555240793201
}