{
  "n_superpixels": 2444,
  "thresholds_used": {
    "CD45": 287.8529217344827,
    "CD11b": 354.8231461272306,
    "Ly6G": 532.56666378883,
    "CD140a": 1971.827395676488,
    "CD140b": 1208.8059188175193,
    "CD31": 781.5203717424382,
    "CD34": 1054.403301371069,
    "CD206": 154.86007802422114,
    "CD44": 327.87147551918173
  },
  "assignment_counts": {
    "neutrophil": 96,
    "activated_m2_cd44": 39,
    "activated_m2_cd140b": 3,
    "m2_macrophage": 0,
    "activated_myeloid_cd44": 9,
    "activated_myeloid_cd140b": 9,
    "myeloid": 10,
    "activated_immune": 38,
    "immune_cells": 64,
    "activated_endothelial_cd44": 171,
    "activated_endothelial_cd140b": 32,
    "endothelial": 152,
    "activated_fibroblast_cd44": 40,
    "activated_fibroblast_cd140b": 50,
    "fibroblast": 73,
    "unassigned": 1658
  },
  "ambiguity_rate": 0.09451718494271685,
  "n_multi_assigned": 231,
  "unassigned_fraction": 0.6783960720130933
}