{
  "n_superpixels": 2398,
  "thresholds_used": {
    "CD45": 6415.306565487684,
    "CD11b": 1213.016371969283,
    "Ly6G": 4057.575179328373,
    "CD140a": 484.2288842846069,
    "CD140b": 1577.5596253393871,
    "CD31": 2293.1336937720052,
    "CD34": 3855.1208303482163,
    "CD206": 913.6277753913688,
    "CD44": 1992.6670389554422
  },
  "assignment_counts": {
    "neutrophil": 6,
    "activated_m2_cd44": 17,
    "activated_m2_cd140b": 53,
    "m2_macrophage": 9,
    "activated_myeloid_cd44": 5,
    "activated_myeloid_cd140b": 9,
    "myeloid": 6,
    "activated_immune": 1,
    "immune_cells": 222,
    "activated_endothelial_cd44": 237,
    "activated_endothelial_cd140b": 29,
    "endothelial": 41,
    "activated_fibroblast_cd44": 25,
    "activated_fibroblast_cd140b": 47,
    "fibroblast": 100,
    "unassigned": 1591
  },
  "ambiguity_rate": 0.07839866555462886,
  "n_multi_assigned": 188,
  "unassigned_fraction": 0.6634695579649708
}