{
  "0": {
    "cell_type": "immune_cells",
    "confidence": 0.6666666666666666,
    "n_cells": 263,
    "marker_enrichment": {
      "CD45": 0.34884251238626,
      "CD11b": 0.36025874543852426,
      "Ly6G": 0.06045462905609771,
      "CD140a": 0.16668334201682466,
      "CD140b": 0.5522099652620279,
      "CD31": 1.0050794846968816,
      "CD34": 0.48320516093006777,
      "CD206": 0.5485714199065231,
      "CD44": 0.24921533939453172
    }
  },
  "1": {
    "cell_type": "unknown",
    "confidence": 0.0,
    "n_cells": 185,
    "marker_enrichment": {
      "CD45": 1.4694352981623828,
      "CD11b": 1.16449113600986,
      "Ly6G": 1.0377906871709577,
      "CD140a": 0.8484526905757543,
      "CD140b": 1.446921222105849,
      "CD31": 0.9548467432767468,
      "CD34": 3.554542693836706,
      "CD206": 3.3596589377827226,
      "CD44": 1.0616016159248534
    }
  },
  "2": {
    "cell_type": "immune_cells",
    "confidence": 0.6666666666666666,
    "n_cells": 173,
    "marker_enrichment": {
      "CD45": 0.4141478389714815,
      "CD11b": 0.22552100548272516,
      "Ly6G": 0.560145761911215,
      "CD140a": 0.33298741705216095,
      "CD140b": 0.4140134703006134,
      "CD31": 0.8189794754237949,
      "CD34": 0.4191074624924369,
      "CD206": 0.37190388482367837,
      "CD44": 0.4760073038520828
    }
  },
  "3": {
    "cell_type": "immune_cells",
    "confidence": 0.8333333333333334,
    "n_cells": 173,
    "marker_enrichment": {
      "CD45": 1.2076979854325711,
      "CD11b": 0.30653282053066616,
      "Ly6G": 0.23379059346465428,
      "CD140a": 0.5049894708181922,
      "CD140b": 0.37502686857594986,
      "CD31": 0.45413376618744145,
      "CD34": 0.4940046904141682,
      "CD206": 0.4502413653423509,
      "CD44": 0.5419454832421838
    }
  },
  "4": {
    "cell_type": "endothelial",
    "confidence": 0.6,
    "n_cells": 168,
    "marker_enrichment": {
      "CD45": 0.6609110178488385,
      "CD11b": 0.4405822889677903,
      "Ly6G": 1.1904412400493465,
      "CD140a": 0.6029913489874494,
      "CD140b": 0.25132301455887623,
      "CD31": 0.7577411657980418,
      "CD34": 0.8319633207088863,
      "CD206": 0.513103792543761,
      "CD44": 0.6138753560586152
    }
  },
  "5": {
    "cell_type": "activated_myeloid_cd140b",
    "confidence": 0.5,
    "n_cells": 150,
    "marker_enrichment": {
      "CD45": 0.7132669979175773,
      "CD11b": 1.1011082127332548,
      "Ly6G": 0.5698391519207684,
      "CD140a": 0.2821497794238569,
      "CD140b": 1.5458171064483934,
      "CD31": 1.113926438688796,
      "CD34": -0.9535941001336276,
      "CD206": -3.0824416630705027,
      "CD44": 0.6290574923052702
    }
  },
  "6": {
    "cell_type": "activated_endothelial_cd140b",
    "confidence": 0.5,
    "n_cells": 148,
    "marker_enrichment": {
      "CD45": 1.064211076185547,
      "CD11b": 1.0571274883582757,
      "Ly6G": 1.1484826780582877,
      "CD140a": 0.8019283470178643,
      "CD140b": 1.7317914712809401,
      "CD31": 2.8768092052900296,
      "CD34": 0.8921950594636399,
      "CD206": 0.9868089483832496,
      "CD44": 1.1144801615707995
    }
  },
  "7": {
    "cell_type": "neutrophil",
    "confidence": 0.5,
    "n_cells": 145,
    "marker_enrichment": {
      "CD45": 1.1890388404167371,
      "CD11b": 0.2578727835605296,
      "Ly6G": 2.7286524633368385,
      "CD140a": 1.63184380181549,
      "CD140b": 0.41681352119438325,
      "CD31": 0.8322265591068703,
      "CD34": 0.48697976855495057,
      "CD206": 0.4921833216878659,
      "CD44": 1.165831996115521
    }
  },
  "8": {
    "cell_type": "activated_m2_cd44",
    "confidence": 0.5,
    "n_cells": 144,
    "marker_enrichment": {
      "CD45": 1.4410643278920692,
      "CD11b": 2.3195233126658956,
      "Ly6G": 2.225342353844068,
      "CD140a": 1.7018386242898438,
      "CD140b": 1.7944681762334225,
      "CD31": 0.9069144541620182,
      "CD34": 2.181056176494744,
      "CD206": 2.357043778600896,
      "CD44": 3.0997466763338637
    }
  },
  "9": {
    "cell_type": "immune_cells",
    "confidence": 0.6666666666666666,
    "n_cells": 132,
    "marker_enrichment": {
      "CD45": 1.7912016999763472,
      "CD11b": 0.250506655700006,
      "Ly6G": 0.7599560521815845,
      "CD140a": 0.6544682064049416,
      "CD140b": 0.4143223013081468,
      "CD31": 0.8115031558958777,
      "CD34": 0.4632364004831612,
      "CD206": 0.49309494803051923,
      "CD44": 0.908108643420097
    }
  },
  "10": {
    "cell_type": "neutrophil",
    "confidence": 0.5,
    "n_cells": 126,
    "marker_enrichment": {
      "CD45": 2.2003270373407604,
      "CD11b": 0.6701510208498512,
      "Ly6G": 2.046272667801128,
      "CD140a": 5.786543819951096,
      "CD140b": 0.5064533682720017,
      "CD31": 0.7289490523611535,
      "CD34": 1.0506435089421646,
      "CD206": 3.064100034349495,
      "CD44": 1.5775012127495238
    }
  },
  "11": {
    "cell_type": "unknown",
    "confidence": 0.0,
    "n_cells": 118,
    "marker_enrichment": {
      "CD45": 0.7160074933540356,
      "CD11b": 0.9486037439749473,
      "Ly6G": 0.8748190285717283,
      "CD140a": 0.8972444279091979,
      "CD140b": 1.4702038535670974,
      "CD31": 1.0111648704776672,
      "CD34": 0.9275171543511015,
      "CD206": 1.3249306377075007,
      "CD44": 1.192332190581192
    }
  },
  "12": {
    "cell_type": "activated_m2_cd140b",
    "confidence": 0.5,
    "n_cells": 104,
    "marker_enrichment": {
      "CD45": 1.1662479126669267,
      "CD11b": 5.531530636273372,
      "Ly6G": 0.5315720305732846,
      "CD140a": 0.4652245915906541,
      "CD140b": 3.524426133675662,
      "CD31": 1.3526667230971603,
      "CD34": 0.36795312167150335,
      "CD206": 1.4949826950835825,
      "CD44": 0.9003489585222685
    }
  },
  "13": {
    "cell_type": "activated_fibroblast_cd44",
    "confidence": 0.6,
    "n_cells": 96,
    "marker_enrichment": {
      "CD45": 0.6468308109431143,
      "CD11b": 1.4625270189553132,
      "Ly6G": 0.8304682661708844,
      "CD140a": 0.9355829756761814,
      "CD140b": 1.0432513001746442,
      "CD31": 0.556316981861881,
      "CD34": 0.7133427089130507,
      "CD206": 1.1436984408673285,
      "CD44": 1.763241183968949
    }
  },
  "14": {
    "cell_type": "immune_cells",
    "confidence": 0.6666666666666666,
    "n_cells": 72,
    "marker_enrichment": {
      "CD45": 0.7834738572739424,
      "CD11b": 0.16512500833203772,
      "Ly6G": 0.7992204052450607,
      "CD140a": 0.4988827126693012,
      "CD140b": 0.37488182264020853,
      "CD31": 1.3161005090869045,
      "CD34": 0.342822248952298,
      "CD206": 0.2505490000009062,
      "CD44": 0.5610802088063649
    }
  },
  "15": {
    "cell_type": "endothelial",
    "confidence": 0.6,
    "n_cells": 57,
    "marker_enrichment": {
      "CD45": 0.5833121140183417,
      "CD11b": 1.293489198273955,
      "Ly6G": 1.4842294443507105,
      "CD140a": 1.4611464677995505,
      "CD140b": 0.30197920160774727,
      "CD31": 0.5875613350312066,
      "CD34": 2.550990219847037,
      "CD206": 6.2416516847434105,
      "CD44": 1.0089671336515478
    }
  },
  "16": {
    "cell_type": "activated_myeloid_cd140b",
    "confidence": 0.5,
    "n_cells": 52,
    "marker_enrichment": {
      "CD45": 0.7470209437834979,
      "CD11b": 2.2478199692136998,
      "Ly6G": 0.6838438368255506,
      "CD140a": 0.8744687227884934,
      "CD140b": 2.0987150499798193,
      "CD31": 0.83491155489279,
      "CD34": 5.217947958664369,
      "CD206": -1.0658385192870814,
      "CD44": 0.9000041968548385
    }
  },
  "17": {
    "cell_type": "neutrophil",
    "confidence": 0.5,
    "n_cells": 22,
    "marker_enrichment": {
      "CD45": 0.8327760471255161,
      "CD11b": 0.5048404660112529,
      "Ly6G": 1.6873795540943008,
      "CD140a": 0.6359200828880442,
      "CD140b": 0.7875169259804384,
      "CD31": 0.5141011705054724,
      "CD34": 0.9432827330639376,
      "CD206": 2.1874369376354674,
      "CD44": 2.0529576708346715
    }
  }
}