{
  "n_superpixels": 2431,
  "thresholds_used": {
    "CD45": 1.6986060040870012,
    "CD11b": 2.6418881342167206,
    "Ly6G": 1.9179408618780063,
    "CD140a": 2.6403081323578443,
    "CD140b": 2.560439066854286,
    "CD31": 2.651016752936513,
    "CD34": 2.347950742775529,
    "CD206": 2.144423860930399,
    "CD44": 2.560385351473785
  },
  "assignment_counts": {
    "neutrophil": 165,
    "activated_m2_cd44": 97,
    "activated_m2_cd140b": 7,
    "m2_macrophage": 26,
    "activated_myeloid_cd44": 20,
    "activated_myeloid_cd140b": 1,
    "myeloid": 14,
    "activated_immune": 11,
    "immune_cells": 41,
    "activated_endothelial_cd44": 126,
    "activated_endothelial_cd140b": 61,
    "endothelial": 184,
    "activated_fibroblast_cd44": 85,
    "activated_fibroblast_cd140b": 39,
    "fibroblast": 51,
    "unassigned": 1503
  },
  "ambiguity_rate": 0.16824352118469765,
  "n_multi_assigned": 409,
  "unassigned_fraction": 0.6182640888523242
}