{
  "0": {
    "cell_type": "fibroblast",
    "confidence": 0.6666666666666666,
    "n_cells": 435,
    "marker_enrichment": {
      "CD45": 0.4993112688168665,
      "CD11b": 0.7139222711297564,
      "Ly6G": 0.5659480331160092,
      "CD140a": 0.35939600533399907,
      "CD140b": 0.7619042007772115,
      "CD31": 0.13792289843071978,
      "CD34": 0.5629130462192494,
      "CD206": 0.22084817403297552,
      "CD44": 0.17797610279895731
    }
  },
  "1": {
    "cell_type": "activated_fibroblast_cd44",
    "confidence": 0.4,
    "n_cells": 430,
    "marker_enrichment": {
      "CD45": 1.3139839317036515,
      "CD11b": 1.0934408907605655,
      "Ly6G": 1.4428383627814207,
      "CD140a": 1.5236779449397464,
      "CD140b": 1.3138669878775389,
      "CD31": 0.7896500169559239,
      "CD34": -0.6852654755753008,
      "CD206": 0.8276987054181244,
      "CD44": 0.7600377902163655
    }
  },
  "2": {
    "cell_type": "activated_fibroblast_cd44",
    "confidence": 0.4,
    "n_cells": 386,
    "marker_enrichment": {
      "CD45": 0.6616602914951192,
      "CD11b": 0.5537706876613594,
      "Ly6G": 0.46262293364326185,
      "CD140a": 0.5824850795841346,
      "CD140b": 0.7007214526091837,
      "CD31": 0.5527010736583807,
      "CD34": 0.8788925956183543,
      "CD206": 1.3385065848683162,
      "CD44": 1.3572309570276677
    }
  },
  "3": {
    "cell_type": "endothelial",
    "confidence": 0.6,
    "n_cells": 348,
    "marker_enrichment": {
      "CD45": 0.34416797148285444,
      "CD11b": 1.589645302825347,
      "Ly6G": 0.690613602468582,
      "CD140a": 0.23451686264199706,
      "CD140b": 0.3001993695633072,
      "CD31": 2.4558830415737387,
      "CD34": 0.3522898244378318,
      "CD206": 0.5737514033280102,
      "CD44": 0.9187164861067235
    }
  },
  "4": {
    "cell_type": "neutrophil",
    "confidence": 0.5,
    "n_cells": 327,
    "marker_enrichment": {
      "CD45": 1.8731121842475822,
      "CD11b": 0.8951018360114039,
      "Ly6G": 0.4334521994664001,
      "CD140a": 1.7345923389827727,
      "CD140b": 0.5036094604830426,
      "CD31": 0.659035910829675,
      "CD34": 3.5201620786758006,
      "CD206": 0.8683049524774312,
      "CD44": 0.8409495215529391
    }
  },
  "5": {
    "cell_type": "activated_endothelial_cd44",
    "confidence": 0.75,
    "n_cells": 243,
    "marker_enrichment": {
      "CD45": 1.5837254921662731,
      "CD11b": 0.8415767640990759,
      "Ly6G": 1.5736868967865183,
      "CD140a": 2.0719835225311836,
      "CD140b": 1.474607873383285,
      "CD31": 1.5434261678251173,
      "CD34": 2.4311457221899397,
      "CD206": 2.7146847510349956,
      "CD44": 2.4910927519594934
    }
  },
  "6": {
    "cell_type": "activated_endothelial_cd140b",
    "confidence": 0.5,
    "n_cells": 206,
    "marker_enrichment": {
      "CD45": 1.0692339902594905,
      "CD11b": 1.602479243490813,
      "Ly6G": 2.744375429166474,
      "CD140a": 0.9044971923017675,
      "CD140b": 2.8186941735394937,
      "CD31": 1.5383826085869148,
      "CD34": 1.0732338269886825,
      "CD206": 1.277123577120568,
      "CD44": 1.1982214885319236
    }
  }
}