{
  "n_superpixels": 2457,
  "thresholds_used": {
    "CD45": 1.7716147561657687,
    "CD11b": 2.5356699519235524,
    "Ly6G": 1.8830740907907169,
    "CD140a": 2.5202648428735435,
    "CD140b": 2.463128962797226,
    "CD31": 3.1007216813357577,
    "CD34": 2.53727537831883,
    "CD206": 2.681469771270262,
    "CD44": 2.4927216111172763
  },
  "assignment_counts": {
    "neutrophil": 200,
    "activated_m2_cd44": 114,
    "activated_m2_cd140b": 20,
    "m2_macrophage": 26,
    "activated_myeloid_cd44": 25,
    "activated_myeloid_cd140b": 4,
    "myeloid": 18,
    "activated_immune": 17,
    "immune_cells": 41,
    "activated_endothelial_cd44": 125,
    "activated_endothelial_cd140b": 105,
    "endothelial": 235,
    "activated_fibroblast_cd44": 50,
    "activated_fibroblast_cd140b": 41,
    "fibroblast": 60,
    "unassigned": 1376
  },
  "ambiguity_rate": 0.1741961741961742,
  "n_multi_assigned": 428,
  "unassigned_fraction": 0.5600325600325601
}