{
  "0": {
    "cell_type": "immune_cells",
    "confidence": 0.8333333333333334,
    "n_cells": 163,
    "marker_enrichment": {
      "CD45": 0.09368086163284164,
      "CD11b": 0.28470888044262566,
      "Ly6G": 0.03047054784361692,
      "CD140a": 0.0062356673598672665,
      "CD140b": 0.24296348809741972,
      "CD31": -0.39382262875729424,
      "CD34": 0.5104129914060218,
      "CD206": 0.08433721549951305,
      "CD44": -0.28654972653411986
    }
  },
  "1": {
    "cell_type": "endothelial",
    "confidence": 0.6,
    "n_cells": 156,
    "marker_enrichment": {
      "CD45": -0.4647131733720527,
      "CD11b": 1.0872570587108263,
      "Ly6G": 0.29866081867719413,
      "CD140a": -0.5235510961839954,
      "CD140b": -0.10403373927674663,
      "CD31": 0.7528858707223806,
      "CD34": 1.270763246690823,
      "CD206": -0.19686913611981047,
      "CD44": 0.646753934648159
    }
  },
  "2": {
    "cell_type": "immune_cells",
    "confidence": 0.5,
    "n_cells": 127,
    "marker_enrichment": {
      "CD45": 0.7260360853215241,
      "CD11b": 0.5395370767202421,
      "Ly6G": 0.10778252368505445,
      "CD140a": -0.043932847076600806,
      "CD140b": 0.8804721883293241,
      "CD31": 0.6686096994039266,
      "CD34": 0.5548815474532054,
      "CD206": 0.4233399091329981,
      "CD44": 0.4281020350206741
    }
  },
  "3": {
    "cell_type": "immune_cells",
    "confidence": 0.6666666666666666,
    "n_cells": 124,
    "marker_enrichment": {
      "CD45": 0.038239825558203856,
      "CD11b": 0.3518082797093914,
      "Ly6G": 0.08720109539111269,
      "CD140a": 0.42081168293899884,
      "CD140b": 0.3218065772729171,
      "CD31": 0.40361599013943944,
      "CD34": 0.4020534046245627,
      "CD206": 0.2011526822511061,
      "CD44": 0.8598303800013704
    }
  },
  "4": {
    "cell_type": "immune_cells",
    "confidence": 0.5,
    "n_cells": 114,
    "marker_enrichment": {
      "CD45": 0.5207891727308924,
      "CD11b": 0.5921487580467301,
      "Ly6G": 0.2678218507112416,
      "CD140a": 0.4311167353738895,
      "CD140b": 0.5590488992761101,
      "CD31": 0.18983302411669864,
      "CD34": 0.7192896928493324,
      "CD206": 0.4238191297687329,
      "CD44": 0.7728235046639476
    }
  },
  "5": {
    "cell_type": "immune_cells",
    "confidence": 0.6666666666666666,
    "n_cells": 113,
    "marker_enrichment": {
      "CD45": 0.7575551209747323,
      "CD11b": 0.5118949266710844,
      "Ly6G": 0.07903625236096742,
      "CD140a": 0.4715035926850806,
      "CD140b": 0.8087351414455292,
      "CD31": 0.10433683996122717,
      "CD34": 0.6031237423023235,
      "CD206": 0.310624499543996,
      "CD44": -0.04239010551831373
    }
  },
  "6": {
    "cell_type": "activated_endothelial_cd140b",
    "confidence": 0.75,
    "n_cells": 112,
    "marker_enrichment": {
      "CD45": 3.662515140633559,
      "CD11b": 1.9958877355750648,
      "Ly6G": 0.5617241043802887,
      "CD140a": 2.429340108452137,
      "CD140b": 3.1969780072119582,
      "CD31": 1.6905614453067306,
      "CD34": 1.5509263435891771,
      "CD206": 3.0064422483288746,
      "CD44": 0.29094443334413966
    }
  },
  "7": {
    "cell_type": "activated_endothelial_cd44",
    "confidence": 0.75,
    "n_cells": 112,
    "marker_enrichment": {
      "CD45": 1.3118627323548804,
      "CD11b": 4.220069851864307,
      "Ly6G": 1.4515004681935575,
      "CD140a": 1.9065049195579713,
      "CD140b": 1.442194223907797,
      "CD31": 1.7289794274321413,
      "CD34": 2.759690307383791,
      "CD206": 1.882163928865345,
      "CD44": 4.563869199766897
    }
  },
  "8": {
    "cell_type": "activated_myeloid_cd140b",
    "confidence": 0.5,
    "n_cells": 108,
    "marker_enrichment": {
      "CD45": 2.1669446609496053,
      "CD11b": 0.5234343996731782,
      "Ly6G": 0.10742283502080743,
      "CD140a": 0.8262729240473992,
      "CD140b": 1.509910836205706,
      "CD31": 1.4306616440783808,
      "CD34": 1.1238093928495834,
      "CD206": 0.6042846953832264,
      "CD44": 0.44515022965742734
    }
  },
  "9": {
    "cell_type": "neutrophil",
    "confidence": 0.75,
    "n_cells": 105,
    "marker_enrichment": {
      "CD45": 1.5122153186885596,
      "CD11b": 0.9430817721766012,
      "Ly6G": 3.495194213820404,
      "CD140a": 0.8694838545189221,
      "CD140b": 2.070465369312735,
      "CD31": 0.6307250598598507,
      "CD34": 0.918927804448078,
      "CD206": 3.871185819444789,
      "CD44": 0.21083206613870087
    }
  },
  "10": {
    "cell_type": "activated_endothelial_cd44",
    "confidence": 0.5,
    "n_cells": 102,
    "marker_enrichment": {
      "CD45": 0.40263347553253176,
      "CD11b": 0.8624255772859494,
      "Ly6G": 0.4803691623451464,
      "CD140a": -3.411521365084934,
      "CD140b": 0.6923261188084311,
      "CD31": 1.4783901331176672,
      "CD34": 1.0648436872706277,
      "CD206": 0.2721734224530208,
      "CD44": 5.635226154332442
    }
  },
  "11": {
    "cell_type": "activated_endothelial_cd44",
    "confidence": 0.5,
    "n_cells": 101,
    "marker_enrichment": {
      "CD45": 1.4787398775037417,
      "CD11b": 1.34551859795041,
      "Ly6G": 0.6632561691197885,
      "CD140a": 2.6554134810050423,
      "CD140b": 1.2147188154589634,
      "CD31": 2.351961693312816,
      "CD34": 1.3070300842618279,
      "CD206": 1.3986186765600677,
      "CD44": 4.494063834343834
    }
  },
  "12": {
    "cell_type": "activated_myeloid_cd44",
    "confidence": 0.5,
    "n_cells": 96,
    "marker_enrichment": {
      "CD45": 1.977392200443477,
      "CD11b": 1.8220001097787364,
      "Ly6G": 0.250558840822202,
      "CD140a": 1.47260991877189,
      "CD140b": 1.375151696078844,
      "CD31": 1.164687013617303,
      "CD34": 2.551262174965232,
      "CD206": 0.5883988062361968,
      "CD44": 0.7351234625931722
    }
  },
  "13": {
    "cell_type": "unknown",
    "confidence": 0.0,
    "n_cells": 96,
    "marker_enrichment": {
      "CD45": 0.8347432228333864,
      "CD11b": 0.7927785719619681,
      "Ly6G": 0.16954426212918267,
      "CD140a": 1.1767972045472446,
      "CD140b": 0.7412128186610422,
      "CD31": 1.9597463154383465,
      "CD34": 1.2858480588065482,
      "CD206": 0.4570140575301076,
      "CD44": 0.8994894578906639
    }
  },
  "14": {
    "cell_type": "immune_cells",
    "confidence": 0.8333333333333334,
    "n_cells": 95,
    "marker_enrichment": {
      "CD45": 0.29727307972513706,
      "CD11b": 0.2749504333497537,
      "Ly6G": 0.0675285517677059,
      "CD140a": -0.22105135591752534,
      "CD140b": 0.5214192187851602,
      "CD31": 0.3043635873244603,
      "CD34": 0.3646819265692878,
      "CD206": 0.24978253853122245,
      "CD44": -0.07755194679444763
    }
  },
  "15": {
    "cell_type": "endothelial",
    "confidence": 0.6,
    "n_cells": 93,
    "marker_enrichment": {
      "CD45": 0.8005369699574838,
      "CD11b": 0.3720923194894193,
      "Ly6G": 0.11437484637019014,
      "CD140a": -0.2716480477527187,
      "CD140b": 0.48642133387155845,
      "CD31": 2.16130610589205,
      "CD34": 0.7427977846158694,
      "CD206": 0.06839684497984067,
      "CD44": 0.5205739570281307
    }
  },
  "16": {
    "cell_type": "activated_fibroblast_cd44",
    "confidence": 0.6,
    "n_cells": 84,
    "marker_enrichment": {
      "CD45": 0.6671865278648045,
      "CD11b": 1.426381924159046,
      "Ly6G": 0.34038783472630807,
      "CD140a": 14.498891540461699,
      "CD140b": 0.9564969450921434,
      "CD31": 0.4974555564339047,
      "CD34": 0.6727637486402749,
      "CD206": 1.6973161543346262,
      "CD44": 3.425777396829353
    }
  },
  "17": {
    "cell_type": "activated_endothelial_cd140b",
    "confidence": 0.5,
    "n_cells": 83,
    "marker_enrichment": {
      "CD45": 1.7480760769053916,
      "CD11b": 0.7875728237426461,
      "Ly6G": 0.20390312547310224,
      "CD140a": 0.9133408506036677,
      "CD140b": 1.9026081895814881,
      "CD31": 1.5468053203059713,
      "CD34": 1.0523945352876767,
      "CD206": 1.1700011499549843,
      "CD44": 0.6323260431938915
    }
  },