{
  "n_superpixels": 2490,
  "thresholds_used": {
    "CD45": 1.9759227988009556,
    "CD11b": 2.2041000285786705,
    "Ly6G": 1.9121721079231007,
    "CD140a": 2.307021641041834,
    "CD140b": 1.9299600962340568,
    "CD31": 2.7634027827424275,
    "CD34": 2.3432891487670675,
    "CD206": 2.1148580792324982,
    "CD44": 2.160909233354578
  },
  "assignment_counts": {
    "neutrophil": 135,
    "activated_m2_cd44": 41,
    "activated_m2_cd140b": 10,
    "m2_macrophage": 53,
    "activated_myeloid_cd44": 23,
    "activated_myeloid_cd140b": 3,
    "myeloid": 32,
    "activated_immune": 8,
    "immune_cells": 48,
    "activated_endothelial_cd44": 133,
    "activated_endothelial_cd140b": 56,
    "endothelial": 118,
    "activated_fibroblast_cd44": 135,
    "activated_fibroblast_cd140b": 30,
    "fibroblast": 77,
    "unassigned": 1588
  },
  "ambiguity_rate": 0.14457831325301204,
  "n_multi_assigned": 360,
  "unassigned_fraction": 0.6377510040160642
}