{
  "n_superpixels": 2416,
  "thresholds_used": {
    "CD45": 1.9052060029298485,
    "CD11b": 3.0055863552039557,
    "Ly6G": 1.9504277344320582,
    "CD140a": 2.465884130557122,
    "CD140b": 3.080412119989225,
    "CD31": 3.227125296898957,
    "CD34": 2.6422117703204404,
    "CD206": 2.2159730629517447,
    "CD44": 3.457608221658862
  },
  "assignment_counts": {
    "neutrophil": 170,
    "activated_m2_cd44": 12,
    "activated_m2_cd140b": 3,
    "m2_macrophage": 2,
    "activated_myeloid_cd44": 4,
    "activated_myeloid_cd140b": 1,
    "myeloid": 4,
    "activated_immune": 3,
    "immune_cells": 10,
    "activated_endothelial_cd44": 2,
    "activated_endothelial_cd140b": 12,
    "endothelial": 98,
    "activated_fibroblast_cd44": 5,
    "activated_fibroblast_cd140b": 4,
    "fibroblast": 8,
    "unassigned": 2078
  },
  "ambiguity_rate": 0.0,
  "n_multi_assigned": 0,
  "unassigned_fraction": 0.8600993377483444
}