{
  "n_superpixels": 2416,
  "thresholds_used": {
    "CD45": 1.9052060029298485,
    "CD11b": 3.0055863552039557,
    "Ly6G": 1.9504277344320582,
    "CD140a": 2.465884130557122,
    "CD140b": 3.080412119989225,
    "CD31": 3.227125296898957,
    "CD34": 2.6422117703204404,
    "CD206": 2.2159730629517447,
    "CD44": 3.457608221658862
  },
  "assignment_counts": {
    "neutrophil": 170,
    "activated_m2_cd44": 144,
    "activated_m2_cd140b": 7,
    "m2_macrophage": 4,
    "activated_myeloid_cd44": 23,
    "activated_myeloid_cd140b": 3,
    "myeloid": 6,
    "activated_immune": 9,
    "immune_cells": 17,
    "activated_endothelial_cd44": 41,
    "activated_endothelial_cd140b": 116,
    "endothelial": 208,
    "activated_fibroblast_cd44": 62,
    "activated_fibroblast_cd140b": 18,
    "fibroblast": 28,
    "unassigned": 1560
  },
  "ambiguity_rate": 0.1456953642384106,
  "n_multi_assigned": 352,
  "unassigned_fraction": 0.6456953642384106
}