{
  "0": {
    "cell_type": "activated_fibroblast",
    "confidence": 0.5,
    "n_cells": 167,
    "marker_enrichment": {
      "CD45": -0.21802481714246447,
      "CD11b": 0.35021635633938275,
      "Ly6G": 0.23291679677780647,
      "CD140a": 0.7482014432108559,
      "CD140b": 0.33284077949130236,
      "CD31": 0.27266449409043003,
      "CD34": 0.9634266474564531,
      "CD206": 0.35822541220175813,
      "CD44": 0.6765172718415943
    }
  },
  "1": {
    "cell_type": "resting_endothelial",
    "confidence": 0.6,
    "n_cells": 148,
    "marker_enrichment": {
      "CD45": 0.203052498902055,
      "CD11b": -0.1535010860864317,
      "Ly6G": 0.5029950507880319,
      "CD140a": 0.1369673561260711,
      "CD140b": 0.6017666150386488,
      "CD31": 0.8522924153244223,
      "CD34": 0.9983200307964846,
      "CD206": -0.011555913950322284,
      "CD44": 0.4011874400024161
    }
  },
  "2": {
    "cell_type": "activated_fibroblast",
    "confidence": 0.5,
    "n_cells": 143,
    "marker_enrichment": {
      "CD45": 0.18920391867372335,
      "CD11b": 0.16871244873197005,
      "Ly6G": 0.6427217291625752,
      "CD140a": 0.9160133596548939,
      "CD140b": 0.26694684036143196,
      "CD31": 0.5659940757746416,
      "CD34": 1.2403928125006218,
      "CD206": 0.24924920514901752,
      "CD44": 0.8623942531480915
    }
  },
  "3": {
    "cell_type": "resting_endothelial",
    "confidence": 0.6,
    "n_cells": 142,
    "marker_enrichment": {
      "CD45": 0.22849825057280904,
      "CD11b": -0.017687022126330734,
      "Ly6G": 0.8806979406312209,
      "CD140a": 0.5445388136238236,
      "CD140b": 0.3716234315595559,
      "CD31": 0.7839442726933256,
      "CD34": 0.9442945854361757,
      "CD206": 0.07527763116903438,
      "CD44": 0.5691022966485281
    }
  },
  "4": {
    "cell_type": "resting_endothelial",
    "confidence": 0.6,
    "n_cells": 138,
    "marker_enrichment": {
      "CD45": -0.31175607092661384,
      "CD11b": 0.0029561660145012224,
      "Ly6G": 0.4392542812244508,
      "CD140a": 0.182806369563169,
      "CD140b": 0.24695320643648874,
      "CD31": 0.37796947355057803,
      "CD34": 1.0593257226721924,
      "CD206": -0.09759766833389052,
      "CD44": 0.35613930183716475
    }
  },
  "5": {
    "cell_type": "activated_endothelial_cd44",
    "confidence": 0.5,
    "n_cells": 135,
    "marker_enrichment": {
      "CD45": 0.08932645923221384,
      "CD11b": 0.4885654514574052,
      "Ly6G": 0.6005767037983843,
      "CD140a": 1.5425602899563715,
      "CD140b": 0.6266668112508257,
      "CD31": 0.7013708985136354,
      "CD34": 1.0531887955506771,
      "CD206": 0.2297647614809645,
      "CD44": 1.7777632887082924
    }
  },
  "6": {
    "cell_type": "resting_endothelial",
    "confidence": 0.6,
    "n_cells": 128,
    "marker_enrichment": {
      "CD45": -0.04280574087418884,
      "CD11b": 0.3156033533530042,
      "Ly6G": 1.0854768726129074,
      "CD140a": 1.2356351545997257,
      "CD140b": 0.471394197800859,
      "CD31": 0.6798984625765393,
      "CD34": 0.998386176761335,
      "CD206": 0.31627387980802596,
      "CD44": 0.5342588261179116
    }
  },
  "7": {
    "cell_type": "activated_immune_cd44",
    "confidence": 0.5,
    "n_cells": 117,
    "marker_enrichment": {
      "CD45": 1.7353246535324829,
      "CD11b": 0.653165442668355,
      "Ly6G": 1.1192180272319292,
      "CD140a": 2.746138249246007,
      "CD140b": 1.4480931169250204,
      "CD31": 1.177171252924068,
      "CD34": 1.0163043922686557,
      "CD206": 1.8739241765921946,
      "CD44": 1.5498091450791764
    }
  },
  "8": {
    "cell_type": "activated_endothelial_cd44",
    "confidence": 0.5,
    "n_cells": 113,
    "marker_enrichment": {
      "CD45": -0.007022317443230306,
      "CD11b": 0.4736002177148776,
      "Ly6G": 2.4976478140753855,
      "CD140a": 0.6501939205846807,
      "CD140b": 1.4883245975081025,
      "CD31": 2.0040977910909277,
      "CD34": 1.052277372647462,
      "CD206": 0.7452655805256171,
      "CD44": 0.7311633637458954
    }
  },
  "9": {
    "cell_type": "activated_endothelial_cd140b",
    "confidence": 0.5,
    "n_cells": 100,
    "marker_enrichment": {
      "CD45": 0.6282186053944511,
      "CD11b": 0.5735307972315553,
      "Ly6G": 0.6326523483025034,
      "CD140a": 0.9188471544902317,
      "CD140b": 1.6830404648270432,
      "CD31": 1.0044297277859777,
      "CD34": 1.093749339863238,
      "CD206": 0.578064394086809,
      "CD44": 0.7524302699202592
    }
  },
  "10": {
    "cell_type": "resting_endothelial",
    "confidence": 0.4,
    "n_cells": 89,
    "marker_enrichment": {
      "CD45": 0.1285423267496874,
      "CD11b": 0.22775865968746686,
      "Ly6G": 0.8334339812280829,
      "CD140a": 1.03776472809328,
      "CD140b": 0.4932154241974048,
      "CD31": 0.8018572805194794,
      "CD34": 0.7442043591013305,
      "CD206": 0.327719054828709,
      "CD44": 0.9850670015055063
    }
  },
  "11": {
    "cell_type": "activated_endothelial_cd140b",
    "confidence": 0.5,
    "n_cells": 87,
    "marker_enrichment": {
      "CD45": 0.2903438354328983,
      "CD11b": 1.0116298559462722,
      "Ly6G": 1.1976811503022635,
      "CD140a": 1.141256030792133,
      "CD140b": 2.4076628958887647,
      "CD31": 1.3222813323365505,
      "CD34": 0.9930974131576572,
      "CD206": 0.5829843935574294,
      "CD44": 0.7655735113071701
    }
  },
  "12": {
    "cell_type": "unknown",
    "confidence": 0.0,
    "n_cells": 86,
    "marker_enrichment": {
      "CD45": 0.7887963583490377,
      "CD11b": 0.6155732924585434,
      "Ly6G": 1.4772395785021635,
      "CD140a": 2.281893225049516,
      "CD140b": 0.784045421028907,
      "CD31": 0.9665929703879377,
      "CD34": 1.0168284770491665,
      "CD206": 0.2663085565013748,
      "CD44": 1.687542391233596
    }
  },
  "13": {
    "cell_type": "neutrophil",
    "confidence": 0.6666666666666666,
    "n_cells": 85,
    "marker_enrichment": {
      "CD45": 2.7381585657889125,
      "CD11b": 1.0018035722937082,
      "Ly6G": 2.539201151794438,
      "CD140a": 1.5664557701254394,
      "CD140b": 3.1083559890282446,
      "CD31": 3.6245848769034352,
      "CD34": 1.020178227531242,
      "CD206": 0.9729686271452189,
      "CD44": 1.3493733735451459
    }
  },
  "14": {
    "cell_type": "resting_endothelial",
    "confidence": 0.4,
    "n_cells": 84,
    "marker_enrichment": {
      "CD45": -1.0537294183286519,
      "CD11b": 0.31239672250092765,
      "Ly6G": 0.8806797309727351,
      "CD140a": 0.8078124920759411,
      "CD140b": 0.5459540084258362,
      "CD31": 0.8385383974939956,
      "CD34": 0.8951074305551867,
      "CD206": 0.12334535046683633,
      "CD44": 1.0216218055539337
    }
  },
  "15": {
    "cell_type": "resting_endothelial",
    "confidence": 0.6,
    "n_cells": 81,
    "marker_enrichment": {
      "CD45": 0.15980869642972775,
      "CD11b": -0.21288417780971605,
      "Ly6G": 0.3149630146700289,
      "CD140a": 0.5300177112623835,
      "CD140b": 0.2749107932141873,
      "CD31": 0.2550309645655473,
      "CD34": 0.9455495135399106,
      "CD206": 0.07090046394362876,
      "CD44": 0.5385564442261095
    }
  },
  "16": {
    "cell_type": "activated_fibroblast",
    "confidence": 0.75,
    "n_cells": 77,
    "marker_enrichment": {
      "CD45": -1.3401377311640439,
      "CD11b": -0.39207439592853527,
      "Ly6G": 0.5911988808151513,
      "CD140a": 0.9668113210042248,
      "CD140b": 0.0852992316939557,
      "CD31": 0.3483639281307314,
      "CD34": 0.9516610393680326,
      "CD206": -0.3694970474172122,
      "CD44": 1.8864349766526762
    }
  },
  "17": {
    "cell_type": "resting_endothelial",
    "confidence": 0.6,
    "n_cells": 77,
    "marker_enrichment": {
      "CD45": 0.06993864279425391,
      "CD11b": 0.5318169525539328,
      "Ly6G": 1.0415151325291243,
      "CD140a": 0.6507014771238548,
      "CD140b": 0.5495792118169709,
      "CD31": 0.9368737922841559,
      "CD34": 0.899334745876914,
      "CD206": 0.28544520454434363,