{
  "n_superpixels": 2398,
  "thresholds_used": {
    "CD45": 1.6852614974437872,
    "CD11b": 2.5195141933454557,
    "Ly6G": 1.9712605382381776,
    "CD140a": 2.5914303220562536,
    "CD140b": 2.3840962089865636,
    "CD31": 2.843144610017042,
    "CD34": 2.419018653002938,
    "CD206": 2.2171892018506445,
    "CD44": 2.398526743213961
  },
  "assignment_counts": {
    "neutrophil": 172,
    "activated_m2_cd44": 12,
    "activated_m2_cd140b": 2,
    "m2_macrophage": 17,
    "activated_myeloid_cd44": 4,
    "activated_myeloid_cd140b": 0,
    "myeloid": 6,
    "activated_immune": 0,
    "immune_cells": 34,
    "activated_endothelial_cd44": 4,
    "activated_endothelial_cd140b": 13,
    "endothelial": 88,
    "activated_fibroblast_cd44": 3,
    "activated_fibroblast_cd140b": 8,
    "fibroblast": 15,
    "unassigned": 2020
  },
  "ambiguity_rate": 0.0,
  "n_multi_assigned": 0,
  "unassigned_fraction": 0.8423686405337781
}