{
  "0": {
    "cell_type": "activated_endothelial_cd44",
    "confidence": 0.5,
    "n_cells": 457,
    "marker_enrichment": {
      "CD45": 1.0214656818053833,
      "CD11b": 1.0656611537497207,
      "Ly6G": 1.3009993434578178,
      "CD140a": 1.1561618457244007,
      "CD140b": 0.9854567890338601,
      "CD31": 1.8309927769637593,
      "CD34": 0.4198404202296375,
      "CD206": 1.4899400092154789,
      "CD44": 1.8398325205191677
    }
  },
  "1": {
    "cell_type": "resting_endothelial",
    "confidence": 0.4,
    "n_cells": 439,
    "marker_enrichment": {
      "CD45": 0.33331388752446917,
      "CD11b": 0.25595541632437496,
      "Ly6G": 0.3299513393083648,
      "CD140a": 0.3991014536188474,
      "CD140b": 1.0215836398984028,
      "CD31": 0.8329510470501145,
      "CD34": 0.07156588923258622,
      "CD206": 1.0517474200408827,
      "CD44": 0.37363152096131313
    }
  },
  "2": {
    "cell_type": "activated_fibroblast",
    "confidence": 0.5,
    "n_cells": 411,
    "marker_enrichment": {
      "CD45": 0.105115359940953,
      "CD11b": 0.09965982507574013,
      "Ly6G": 0.1153263295464063,
      "CD140a": 0.2058089201201277,
      "CD140b": 0.9682340824782927,
      "CD31": 0.3285701357652458,
      "CD34": 0.058944279608654164,
      "CD206": 0.254933681424998,
      "CD44": 0.3436602451953694
    }
  },
  "3": {
    "cell_type": "unknown",
    "confidence": 0.0,
    "n_cells": 327,
    "marker_enrichment": {
      "CD45": 1.102669900403266,
      "CD11b": 0.764040268376092,
      "Ly6G": 1.1510430956875637,
      "CD140a": 1.2974708222813505,
      "CD140b": 0.9783206567396531,
      "CD31": 0.7309619134647523,
      "CD34": 0.15857651481362853,
      "CD206": 0.8120964259741357,
      "CD44": 0.8675868477732713
    }
  },
  "4": {
    "cell_type": "unknown",
    "confidence": 0.0,
    "n_cells": 263,
    "marker_enrichment": {
      "CD45": 0.2011775070716287,
      "CD11b": 0.22856624976778678,
      "Ly6G": 0.5145017809788972,
      "CD140a": 0.559416028459833,
      "CD140b": 1.0599797791886616,
      "CD31": 0.7243918898274547,
      "CD34": 0.17709564592728907,
      "CD206": 0.5180096532379274,
      "CD44": 1.4638992854166244
    }
  },
  "5": {
    "cell_type": "activated_fibroblast",
    "confidence": 0.5,
    "n_cells": 259,
    "marker_enrichment": {
      "CD45": 0.4256846977725514,
      "CD11b": 0.5013489340866369,
      "Ly6G": 1.102654020012732,
      "CD140a": 1.2426789431962215,
      "CD140b": 1.0068132946148385,
      "CD31": 0.33872032098071686,
      "CD34": 0.09439363321602764,
      "CD206": 0.36058165778438817,
      "CD44": 0.4278343071799338
    }
  },
  "6": {
    "cell_type": "activated_immune_cd44",
    "confidence": 0.75,
    "n_cells": 223,
    "marker_enrichment": {
      "CD45": 5.953249085637827,
      "CD11b": 6.3550801516293545,
      "Ly6G": 3.9765679372048974,
      "CD140a": 3.507172155119875,
      "CD140b": 1.0043435821036035,
      "CD31": 2.2695363633760945,
      "CD34": 9.276355468336842,
      "CD206": 2.9671077702227726,
      "CD44": 2.006425993563131
    }
  },
  "7": {
    "cell_type": "unknown",
    "confidence": 0.0,
    "n_cells": 84,
    "marker_enrichment": {
      "CD45": -0.5315077471041951,
      "CD11b": -0.40854883722071356,
      "Ly6G": -0.0937090622356168,
      "CD140a": -0.006090226843929004,
      "CD140b": 0.9858097952699798,
      "CD31": 1.2161152449812032,
      "CD34": 0.28551795233522625,
      "CD206": 0.6994619417110031,
      "CD44": 1.0711838837463437
    }
  }
}