{
  "n_superpixels": 2379,
  "thresholds_used": {
    "CD45": 227.5124865031502,
    "CD11b": 381.5370527937873,
    "Ly6G": 1187.4513185795477,
    "CD140a": 1840.635693023039,
    "CD140b": 14.045543766718426,
    "CD31": 57.70228035118916,
    "CD34": 6490.031844287423,
    "CD206": 568.7364856091261,
    "CD44": 1846.4822405119867
  },
  "assignment_counts": {
    "neutrophil": 95,
    "activated_m2_cd44": 11,
    "activated_m2_cd140b": 16,
    "m2_macrophage": 33,
    "activated_myeloid_cd44": 2,
    "activated_myeloid_cd140b": 2,
    "myeloid": 1,
    "activated_immune": 29,
    "immune_cells": 60,
    "activated_endothelial_cd44": 89,
    "activated_endothelial_cd140b": 21,
    "endothelial": 82,
    "activated_fibroblast_cd44": 96,
    "activated_fibroblast_cd140b": 13,
    "fibroblast": 45,
    "unassigned": 1784
  },
  "ambiguity_rate": 0.07566204287515763,
  "n_multi_assigned": 180,
  "unassigned_fraction": 0.74989491382934
}