{
  "0": {
    "cell_type": "activated_fibroblast",
    "confidence": 0.5,
    "n_cells": 701,
    "marker_enrichment": {
      "CD45": 0.2926404433133664,
      "CD11b": 0.5740156939264489,
      "Ly6G": 0.2228332962802378,
      "CD140a": 0.5394463251571014,
      "CD140b": 0.2107596566100828,
      "CD31": 0.43749199208185374,
      "CD34": 0.7821299710812721,
      "CD206": 0.5216590709050164,
      "CD44": 0.6906334886541842
    }
  },
  "1": {
    "cell_type": "m2_macrophage",
    "confidence": 0.75,
    "n_cells": 499,
    "marker_enrichment": {
      "CD45": 1.3624090798156558,
      "CD11b": 1.9950849893423617,
      "Ly6G": 0.6229645552356596,
      "CD140a": 0.7461540842918418,
      "CD140b": 1.4759024816215023,
      "CD31": 0.6143128357721422,
      "CD34": 11.933066244383614,
      "CD206": 2.3429077872137167,
      "CD44": 1.4405248780534725
    }
  },
  "2": {
    "cell_type": "activated_endothelial_cd140b",
    "confidence": 0.5,
    "n_cells": 377,
    "marker_enrichment": {
      "CD45": 1.1129607380238442,
      "CD11b": 0.6233227778317522,
      "Ly6G": 1.876682166031901,
      "CD140a": 3.128242622610945,
      "CD140b": 2.1575782677972355,
      "CD31": 3.4946825161915407,
      "CD34": -1.113475948291599,
      "CD206": 0.7084233785516498,
      "CD44": 0.6427434075810327
    }
  },
  "3": {
    "cell_type": "resting_endothelial",
    "confidence": 0.6,
    "n_cells": 353,
    "marker_enrichment": {
      "CD45": 0.3738427381164877,
      "CD11b": 0.49932939893085276,
      "Ly6G": 0.27156946992042663,
      "CD140a": 0.4349181020500829,
      "CD140b": 0.9757840471893511,
      "CD31": 0.3153053162186688,
      "CD34": 2.2037594486718084,
      "CD206": 0.5019878424247536,
      "CD44": 0.492729377146149
    }
  },
  "4": {
    "cell_type": "neutrophil",
    "confidence": 0.3333333333333333,
    "n_cells": 219,
    "marker_enrichment": {
      "CD45": 1.0544502757297982,
      "CD11b": 1.2936915704473606,
      "Ly6G": 5.077315684595759,
      "CD140a": 1.316363301042372,
      "CD140b": 0.8349008952098648,
      "CD31": 1.6503613853105692,
      "CD34": -21.199716957748468,
      "CD206": 1.4536976713652285,
      "CD44": 1.1096278250821143
    }
  },
  "5": {
    "cell_type": "activated_endothelial_cd44",
    "confidence": 0.75,
    "n_cells": 177,
    "marker_enrichment": {
      "CD45": 0.5816526867295722,
      "CD11b": 0.9382522789191406,
      "Ly6G": 0.017528971201118838,
      "CD140a": 0.1428907591224528,
      "CD140b": 0.784738516105297,
      "CD31": 0.130339034927977,
      "CD34": 2.2856294783833233,
      "CD206": 0.630299068376839,
      "CD44": 2.463283893459977
    }
  },
  "6": {
    "cell_type": "activated_immune_cd44",
    "confidence": 0.75,
    "n_cells": 90,
    "marker_enrichment": {
      "CD45": 7.173189974254917,
      "CD11b": 1.7491390723749822,
      "Ly6G": 0.3391842659968809,
      "CD140a": 0.21187168846808158,
      "CD140b": 0.5797928152011887,
      "CD31": -0.11690254771698026,
      "CD34": -2.2982024720012872,
      "CD206": 0.07784398060155384,
      "CD44": 1.3087392519846421
    }
  }
}