{
  "0": {
    "cell_type": "immune_cells",
    "confidence": 0.8333333333333334,
    "n_cells": 415,
    "marker_enrichment": {
      "CD45": 0.3050819971272895,
      "CD11b": 0.5469969913891608,
      "Ly6G": 0.38577630665793194,
      "CD140a": 0.36418945626419,
      "CD140b": 0.3763902870554199,
      "CD31": 0.34761962651472583,
      "CD34": -0.2195216747380255,
      "CD206": 0.3726391207141844,
      "CD44": 0.6517928241377999
    }
  },
  "1": {
    "cell_type": "activated_fibroblast_cd140b",
    "confidence": 0.6,
    "n_cells": 288,
    "marker_enrichment": {
      "CD45": 0.8420013544052054,
      "CD11b": 2.9392990730374677,
      "Ly6G": 1.0410235484034411,
      "CD140a": 3.243904294424195,
      "CD140b": 3.026310070149717,
      "CD31": 0.4309168599376687,
      "CD34": 0.9636179976177149,
      "CD206": 0.8405288174090825,
      "CD44": 1.0686983626652182
    }
  },
  "2": {
    "cell_type": "immune_cells",
    "confidence": 0.5,
    "n_cells": 280,
    "marker_enrichment": {
      "CD45": 1.2973526932309258,
      "CD11b": 0.4671815792381211,
      "Ly6G": 0.701949386594955,
      "CD140a": 0.46960566863310393,
      "CD140b": 0.4465881293193766,
      "CD31": 0.4672123129345581,
      "CD34": 1.1579069707516356,
      "CD206": 0.6395871071387897,
      "CD44": 0.7221843850792684
    }
  },
  "3": {
    "cell_type": "immune_cells",
    "confidence": 0.3333333333333333,
    "n_cells": 261,
    "marker_enrichment": {
      "CD45": 1.2594710510980744,
      "CD11b": 0.5967152747062869,
      "Ly6G": 1.3490968094877684,
      "CD140a": 0.6147577631971946,
      "CD140b": 0.6496548130478625,
      "CD31": 1.4966381418035717,
      "CD34": 1.0698685504152867,
      "CD206": 1.6086648503352168,
      "CD44": 0.7115291503349034
    }
  },
  "4": {
    "cell_type": "activated_immune",
    "confidence": 0.5,
    "n_cells": 235,
    "marker_enrichment": {
      "CD45": 1.0538092476503138,
      "CD11b": 0.6388109589508991,
      "Ly6G": 0.891839364404805,
      "CD140a": 0.9847971883352495,
      "CD140b": 0.7501881523009349,
      "CD31": 0.09688612304421085,
      "CD34": 1.1316782212724752,
      "CD206": 1.1965576321347684,
      "CD44": 1.9889882464088662
    }
  },
  "5": {
    "cell_type": "unknown",
    "confidence": 0.0,
    "n_cells": 223,
    "marker_enrichment": {
      "CD45": 1.0510252358231595,
      "CD11b": 1.3455772861457094,
      "Ly6G": 0.5974625257131961,
      "CD140a": 0.5680605105233318,
      "CD140b": 0.6983933110134802,
      "CD31": 0.09550260531193189,
      "CD34": 1.5200387503436155,
      "CD206": 0.7107565715418425,
      "CD44": 1.0135768403521392
    }
  },
  "6": {
    "cell_type": "immune_cells",
    "confidence": 0.6666666666666666,
    "n_cells": 205,
    "marker_enrichment": {
      "CD45": 0.5605504782808568,
      "CD11b": 0.43975404991123435,
      "Ly6G": 1.3279393439384406,
      "CD140a": 0.4681098088945107,
      "CD140b": 0.4387852375447142,
      "CD31": 0.14679827150617175,
      "CD34": 0.4726245172365771,
      "CD206": 1.1535059861583064,
      "CD44": 1.1055651407302607
    }
  },
  "7": {
    "cell_type": "activated_endothelial_cd140b",
    "confidence": 0.75,
    "n_cells": 189,
    "marker_enrichment": {
      "CD45": 2.805769276279903,
      "CD11b": 1.4385384258323417,
      "Ly6G": 1.5486544802369309,
      "CD140a": 1.5507967064765837,
      "CD140b": 1.605371151377549,
      "CD31": 3.1240731438863074,
      "CD34": 3.6807378102333823,
      "CD206": 1.7871753922549176,
      "CD44": 1.3049749393980663
    }
  },
  "8": {
    "cell_type": "immune_cells",
    "confidence": 0.8333333333333334,
    "n_cells": 174,
    "marker_enrichment": {
      "CD45": 0.533358255934606,
      "CD11b": 0.26228934988344754,
      "Ly6G": 0.5674516850644846,
      "CD140a": 0.4395535924267423,
      "CD140b": 0.47530362356539724,
      "CD31": 0.2094478526804728,
      "CD34": 0.36909103821142397,
      "CD206": 0.42865766249269444,
      "CD44": 0.4741565809315355
    }
  },
  "9": {
    "cell_type": "activated_endothelial_cd140b",
    "confidence": 0.5,
    "n_cells": 161,
    "marker_enrichment": {
      "CD45": 0.9309472304260977,
      "CD11b": 1.3234073720231903,
      "Ly6G": 2.583550968516719,
      "CD140a": 1.4287287509879296,
      "CD140b": 1.8665296416129122,
      "CD31": 5.839373171316764,
      "CD34": 1.1145809446668784,
      "CD206": 2.1541334222080675,
      "CD44": 1.3389806067883672
    }
  }
}