{
  "n_superpixels": 2356,
  "thresholds_used": {
    "CD45": 1.603724542715661,
    "CD11b": 2.519029273468317,
    "Ly6G": 2.183766765192024,
    "CD140a": 2.168860289723717,
    "CD140b": 2.473667636885053,
    "CD31": 2.6065031811559294,
    "CD34": 2.269262749368229,
    "CD206": 2.1870330580582436,
    "CD44": 2.5313717210657614
  },
  "assignment_counts": {
    "neutrophil": 158,
    "activated_m2_cd44": 29,
    "activated_m2_cd140b": 2,
    "m2_macrophage": 7,
    "activated_myeloid_cd44": 38,
    "activated_myeloid_cd140b": 1,
    "myeloid": 14,
    "activated_immune": 20,
    "immune_cells": 56,
    "activated_endothelial_cd44": 142,
    "activated_endothelial_cd140b": 87,
    "endothelial": 82,
    "activated_fibroblast_cd44": 59,
    "activated_fibroblast_cd140b": 35,
    "fibroblast": 43,
    "unassigned": 1583
  },
  "ambiguity_rate": 0.13709677419354838,
  "n_multi_assigned": 323,
  "unassigned_fraction": 0.6719015280135824
}