{
  "n_superpixels": 2364,
  "thresholds_used": {
    "CD45": 523.8575421377292,
    "CD11b": 2063.6035901307264,
    "Ly6G": 222.72546903278842,
    "CD140a": 2533.4577099684284,
    "CD140b": 177.1554616432109,
    "CD31": 80.76636404395583,
    "CD34": 110.17542439382049,
    "CD206": 719.272996337804,
    "CD44": 3777.1244376465174
  },
  "assignment_counts": {
    "activated_immune_cd44": 121,
    "activated_immune_cd140b": 31,
    "m2_macrophage": 13,
    "activated_endothelial_cd44": 70,
    "activated_endothelial_cd140b": 29,
    "activated_fibroblast": 68,
    "neutrophil": 14,
    "resting_endothelial": 48,
    "unassigned": 1970
  },
  "ambiguity_rate": 0.08079526226734349,
  "n_multi_assigned": 191,
  "unassigned_fraction": 0.8333333333333334
}