{
  "n_superpixels": 2372,
  "thresholds_used": {
    "CD45": 1.6608856209784675,
    "CD11b": 2.521715004542524,
    "Ly6G": 2.38114182415281,
    "CD140a": 2.4528181507807063,
    "CD140b": 2.84382143418354,
    "CD31": 2.684471106806571,
    "CD34": 2.5400285868273578,
    "CD206": 2.5262110444312094,
    "CD44": 3.0164508481473815
  },
  "assignment_counts": {
    "neutrophil": 85,
    "activated_m2_cd44": 81,
    "activated_m2_cd140b": 4,
    "m2_macrophage": 5,
    "activated_myeloid_cd44": 55,
    "activated_myeloid_cd140b": 2,
    "myeloid": 6,
    "activated_immune": 21,
    "immune_cells": 76,
    "activated_endothelial_cd44": 118,
    "activated_endothelial_cd140b": 87,
    "endothelial": 128,
    "activated_fibroblast_cd44": 49,
    "activated_fibroblast_cd140b": 39,
    "fibroblast": 55,
    "unassigned": 1561
  },
  "ambiguity_rate": 0.1218381112984823,
  "n_multi_assigned": 289,
  "unassigned_fraction": 0.6580944350758853
}