{
  "n_superpixels": 2478,
  "thresholds_used": {
    "CD45": 5152.229355921058,
    "CD11b": 4632.950241915744,
    "Ly6G": 2015.0168034207309,
    "CD140a": 2454.059620576528,
    "CD140b": 634.6548672285774,
    "CD31": 4078.2500196236224,
    "CD34": 5140.632274283279,
    "CD206": 3110.347238071413,
    "CD44": 6193.548774640299
  },
  "assignment_counts": {
    "activated_immune_cd44": 275,
    "activated_immune_cd140b": 9,
    "m2_macrophage": 45,
    "activated_endothelial_cd44": 160,
    "activated_endothelial_cd140b": 121,
    "activated_fibroblast": 56,
    "neutrophil": 123,
    "resting_endothelial": 20,
    "unassigned": 1669
  },
  "ambiguity_rate": 0.16707021791767554,
  "n_multi_assigned": 414,
  "unassigned_fraction": 0.6735270379338176
}