{
  "0": {
    "cell_type": "resting_endothelial",
    "confidence": 0.6,
    "n_cells": 460,
    "marker_enrichment": {
      "CD45": 0.2299362269949581,
      "CD11b": 0.4668755754727614,
      "Ly6G": 0.30748877836116567,
      "CD140a": 0.29542322285916284,
      "CD140b": 0.07931501821433003,
      "CD31": 1.0549921492403345,
      "CD34": 0.6163333288940672,
      "CD206": 0.5469799690796442,
      "CD44": 0.44900918801723816
    }
  },
  "1": {
    "cell_type": "resting_endothelial",
    "confidence": 0.6,
    "n_cells": 406,
    "marker_enrichment": {
      "CD45": 0.1899700464981923,
      "CD11b": 0.28670995469759486,
      "Ly6G": 0.177823876008778,
      "CD140a": 0.36660202303507944,
      "CD140b": 0.032677483705568104,
      "CD31": 0.2160766939069917,
      "CD34": 0.2015426054711415,
      "CD206": 0.4308965026917003,
      "CD44": 0.32899239804290953
    }
  },
  "2": {
    "cell_type": "resting_endothelial",
    "confidence": 0.6,
    "n_cells": 348,
    "marker_enrichment": {
      "CD45": 0.28811637298663284,
      "CD11b": 0.2918578637978602,
      "Ly6G": 0.13603727093994092,
      "CD140a": 0.35027522577568204,
      "CD140b": 0.16769648963918002,
      "CD31": 0.6931846763655404,
      "CD34": 1.0759193164109528,
      "CD206": 1.1539303693064689,
      "CD44": 0.3481400618031933
    }
  },
  "3": {
    "cell_type": "resting_endothelial",
    "confidence": 0.6,
    "n_cells": 339,
    "marker_enrichment": {
      "CD45": 0.7463697952176025,
      "CD11b": 0.9769593779943254,
      "Ly6G": 0.9066267446224212,
      "CD140a": 1.0280111601744277,
      "CD140b": 0.3834699164990668,
      "CD31": 1.6334885467715028,
      "CD34": 2.0616208190806926,
      "CD206": 1.1525619718882874,
      "CD44": 0.9463518781445216
    }
  },
  "4": {
    "cell_type": "resting_endothelial",
    "confidence": 0.4,
    "n_cells": 288,
    "marker_enrichment": {
      "CD45": 0.24546782265877853,
      "CD11b": 0.6464561839971105,
      "Ly6G": 0.5671759360527485,
      "CD140a": 0.33831292421904885,
      "CD140b": 0.19394090733287586,
      "CD31": 0.7086015509924185,
      "CD34": 0.5526418480434465,
      "CD206": 0.7928759389779986,
      "CD44": 0.6702136013709834
    }
  },
  "5": {
    "cell_type": "unknown",
    "confidence": 0.0,
    "n_cells": 287,
    "marker_enrichment": {
      "CD45": 1.3869014272405769,
      "CD11b": 1.4924956716727218,
      "Ly6G": 1.4449367182011543,
      "CD140a": 1.9667350541356414,
      "CD140b": 0.48675611032467625,
      "CD31": 0.9260030358905835,
      "CD34": 0.9249307598211661,
      "CD206": 0.5749351486741636,
      "CD44": 1.5954425337150087
    }
  },
  "6": {
    "cell_type": "activated_immune_cd44",
    "confidence": 0.75,
    "n_cells": 224,
    "marker_enrichment": {
      "CD45": 5.044643974162378,
      "CD11b": 4.399811383475056,
      "Ly6G": 5.373050369088621,
      "CD140a": 1.247319222703894,
      "CD140b": 0.742735872430361,
      "CD31": 2.3346105775049706,
      "CD34": 1.736958676837519,
      "CD206": 1.7755848496116642,
      "CD44": 4.214355977767719
    }
  },
  "7": {
    "cell_type": "activated_immune_cd140b",
    "confidence": 0.5,
    "n_cells": 61,
    "marker_enrichment": {
      "CD45": 4.0433417518952615,
      "CD11b": 0.6682410708016642,
      "Ly6G": 0.9197865513179723,
      "CD140a": 4.250660977870473,
      "CD140b": 29.01973936984152,
      "CD31": 0.9744387946853847,
      "CD34": 1.6042369995483106,
      "CD206": 6.719637949762551,
      "CD44": 0.6022349695878887
    }
  },
  "8": {
    "cell_type": "activated_immune_cd140b",
    "confidence": 0.5,
    "n_cells": 27,
    "marker_enrichment": {
      "CD45": 2.1643740260681272,
      "CD11b": 1.3048568131435208,
      "Ly6G": 1.2576837617355594,
      "CD140a": 17.93690466723959,
      "CD140b": 2.583793747742837,
      "CD31": 0.7319235210759116,
      "CD34": 3.3258448229163133,
      "CD206": 0.7472362147375182,
      "CD44": 0.9723420434142744
    }
  }
}