{
  "n_superpixels": 2437,
  "thresholds_used": {
    "CD45": 2.0010369440036424,
    "CD11b": 2.905748697097234,
    "Ly6G": 2.0406192286350913,
    "CD140a": 2.3575514998191354,
    "CD140b": 3.0596330556462537,
    "CD31": 2.9133575529731566,
    "CD34": 2.54871042716104,
    "CD206": 2.059414746162251,
    "CD44": 3.233363386605909
  },
  "assignment_counts": {
    "neutrophil": 91,
    "activated_m2_cd44": 8,
    "activated_m2_cd140b": 6,
    "m2_macrophage": 6,
    "activated_myeloid_cd44": 3,
    "activated_myeloid_cd140b": 2,
    "myeloid": 6,
    "activated_immune": 0,
    "immune_cells": 13,
    "activated_endothelial_cd44": 10,
    "activated_endothelial_cd140b": 9,
    "endothelial": 47,
    "activated_fibroblast_cd44": 2,
    "activated_fibroblast_cd140b": 11,
    "fibroblast": 4,
    "unassigned": 2219
  },
  "ambiguity_rate": 0.0,
  "n_multi_assigned": 0,
  "unassigned_fraction": 0.9105457529749692
}