{
  "n_superpixels": 2465,
  "thresholds_used": {
    "CD45": 1.5651550147426185,
    "CD11b": 2.094636394959452,
    "Ly6G": 1.7698872425561336,
    "CD140a": 2.288521303038083,
    "CD140b": 2.0722816841517475,
    "CD31": 2.459643565414295,
    "CD34": 2.0608787810040625,
    "CD206": 1.937515375660316,
    "CD44": 2.1880715775792203
  },
  "assignment_counts": {
    "neutrophil": 99,
    "activated_m2_cd44": 56,
    "activated_m2_cd140b": 7,
    "m2_macrophage": 19,
    "activated_myeloid_cd44": 41,
    "activated_myeloid_cd140b": 5,
    "myeloid": 20,
    "activated_immune": 21,
    "immune_cells": 48,
    "activated_endothelial_cd44": 163,
    "activated_endothelial_cd140b": 44,
    "endothelial": 66,
    "activated_fibroblast_cd44": 43,
    "activated_fibroblast_cd140b": 65,
    "fibroblast": 52,
    "unassigned": 1716
  },
  "ambiguity_rate": 0.12535496957403652,
  "n_multi_assigned": 309,
  "unassigned_fraction": 0.6961460446247465
}