{
  "n_superpixels": 2448,
  "thresholds_used": {
    "CD45": 1199.9353374633674,
    "CD11b": 1288.5934236068845,
    "Ly6G": 94.13016008789789,
    "CD140a": 382.2176914986517,
    "CD140b": 2860.738642439749,
    "CD31": 2807.184650880287,
    "CD34": 3105.460682008972,
    "CD206": 568.6434257172053,
    "CD44": 1318.8545128641765
  },
  "assignment_counts": {
    "neutrophil": 51,
    "activated_m2_cd44": 11,
    "activated_m2_cd140b": 19,
    "m2_macrophage": 3,
    "activated_myeloid_cd44": 5,
    "activated_myeloid_cd140b": 7,
    "myeloid": 0,
    "activated_immune": 10,
    "immune_cells": 52,
    "activated_endothelial_cd44": 138,
    "activated_endothelial_cd140b": 13,
    "endothelial": 61,
    "activated_fibroblast_cd44": 104,
    "activated_fibroblast_cd140b": 35,
    "fibroblast": 141,
    "unassigned": 1798
  },
  "ambiguity_rate": 0.042483660130718956,
  "n_multi_assigned": 104,
  "unassigned_fraction": 0.7344771241830066
}