{
  "n_superpixels": 2364,
  "thresholds_used": {
    "CD45": 523.8575421377292,
    "CD11b": 2063.6035901307264,
    "Ly6G": 222.72546903278842,
    "CD140a": 2533.4577099684284,
    "CD140b": 177.1554616432109,
    "CD31": 80.76636404395583,
    "CD34": 110.17542439382049,
    "CD206": 719.272996337804,
    "CD44": 3777.1244376465174
  },
  "assignment_counts": {
    "neutrophil": 13,
    "activated_m2_cd44": 52,
    "activated_m2_cd140b": 13,
    "m2_macrophage": 6,
    "activated_myeloid_cd44": 12,
    "activated_myeloid_cd140b": 4,
    "myeloid": 8,
    "activated_immune": 15,
    "immune_cells": 69,
    "activated_endothelial_cd44": 70,
    "activated_endothelial_cd140b": 29,
    "endothelial": 48,
    "activated_fibroblast_cd44": 45,
    "activated_fibroblast_cd140b": 11,
    "fibroblast": 74,
    "unassigned": 1895
  },
  "ambiguity_rate": 0.046531302876480544,
  "n_multi_assigned": 110,
  "unassigned_fraction": 0.8016074450084603
}