{
  "n_superpixels": 2431,
  "thresholds_used": {
    "CD45": 1893.2518545609694,
    "CD11b": 1083.3568379084224,
    "Ly6G": 2371.9102186283753,
    "CD140a": 913.9910846036237,
    "CD140b": 1214.4647286851523,
    "CD31": 779.9364125101384,
    "CD34": 2349.146015651374,
    "CD206": 2452.567808841107,
    "CD44": 3662.0799314260935
  },
  "assignment_counts": {
    "neutrophil": 42,
    "activated_m2_cd44": 5,
    "activated_m2_cd140b": 1,
    "m2_macrophage": 3,
    "activated_myeloid_cd44": 7,
    "activated_myeloid_cd140b": 5,
    "myeloid": 6,
    "activated_immune": 4,
    "immune_cells": 64,
    "activated_endothelial_cd44": 42,
    "activated_endothelial_cd140b": 33,
    "endothelial": 20,
    "activated_fibroblast_cd44": 90,
    "activated_fibroblast_cd140b": 93,
    "fibroblast": 27,
    "unassigned": 1989
  },
  "ambiguity_rate": 0.05676676264911559,
  "n_multi_assigned": 138,
  "unassigned_fraction": 0.8181818181818182
}