{
  "n_superpixels": 2480,
  "thresholds_used": {
    "CD45": 987.0067397957558,
    "CD11b": 2431.972558681413,
    "Ly6G": 3524.6295930264855,
    "CD140a": 2498.7096207924587,
    "CD140b": 3216.3555322320517,
    "CD31": 6962.053649683683,
    "CD34": 3272.2045678959944,
    "CD206": 3785.6855849616622,
    "CD44": 5038.274843561505
  },
  "assignment_counts": {
    "neutrophil": 53,
    "activated_m2_cd44": 14,
    "activated_m2_cd140b": 3,
    "m2_macrophage": 11,
    "activated_myeloid_cd44": 7,
    "activated_myeloid_cd140b": 0,
    "myeloid": 15,
    "activated_immune": 21,
    "immune_cells": 94,
    "activated_endothelial_cd44": 90,
    "activated_endothelial_cd140b": 50,
    "endothelial": 53,
    "activated_fibroblast_cd44": 137,
    "activated_fibroblast_cd140b": 29,
    "fibroblast": 79,
    "unassigned": 1824
  },
  "ambiguity_rate": 0.06774193548387097,
  "n_multi_assigned": 168,
  "unassigned_fraction": 0.7354838709677419
}