{
  "0": {
    "cell_type": "immune_cells",
    "confidence": 0.8333333333333334,
    "n_cells": 389,
    "marker_enrichment": {
      "CD45": 0.2146873635316452,
      "CD11b": 0.2685042564856209,
      "Ly6G": 0.5105281018211967,
      "CD140a": 0.38204969889863877,
      "CD140b": 0.053651342089318,
      "CD31": 0.033337786543022434,
      "CD34": 0.13797438830637346,
      "CD206": 0.2216907783664529,
      "CD44": 0.09306695444119242
    }
  },
  "1": {
    "cell_type": "immune_cells",
    "confidence": 0.6666666666666666,
    "n_cells": 342,
    "marker_enrichment": {
      "CD45": 0.5660548273528192,
      "CD11b": 0.339533942867494,
      "Ly6G": 0.6918111440307926,
      "CD140a": 1.1018227258850875,
      "CD140b": 0.147160236369947,
      "CD31": 0.05089992100052422,
      "CD34": 0.639286071339549,
      "CD206": 0.6865749983041828,
      "CD44": 0.7236682419123169
    }
  },
  "2": {
    "cell_type": "immune_cells",
    "confidence": 0.6666666666666666,
    "n_cells": 321,
    "marker_enrichment": {
      "CD45": 1.455369006420593,
      "CD11b": 0.2761635457777541,
      "Ly6G": 0.5366846003052245,
      "CD140a": 0.33671531393215814,
      "CD140b": 0.05597363307766889,
      "CD31": 0.18545273131706536,
      "CD34": 1.0248462836063528,
      "CD206": 0.19347934421486673,
      "CD44": 0.47891036493894085
    }
  },
  "3": {
    "cell_type": "myeloid",
    "confidence": 0.42857142857142855,
    "n_cells": 279,
    "marker_enrichment": {
      "CD45": 1.0554647991054424,
      "CD11b": 0.9751562882211874,
      "Ly6G": 1.4461392891813314,
      "CD140a": 0.9749637290402455,
      "CD140b": 0.1811443153581532,
      "CD31": 0.13146874859462773,
      "CD34": 0.6998286026913274,
      "CD206": 0.6322794208910819,
      "CD44": 1.0291884889717358
    }
  },
  "4": {
    "cell_type": "immune_cells",
    "confidence": 0.8333333333333334,
    "n_cells": 213,
    "marker_enrichment": {
      "CD45": 1.0600987674044955,
      "CD11b": 0.0865265072765951,
      "Ly6G": 0.17369977532767114,
      "CD140a": 0.2976494075656505,
      "CD140b": -0.007179092437259949,
      "CD31": 0.02298881657808045,
      "CD34": 0.5834930311764221,
      "CD206": 0.12113153387300894,
      "CD44": 0.13967253359143722
    }
  },
  "5": {
    "cell_type": "immune_cells",
    "confidence": 0.8333333333333334,
    "n_cells": 191,
    "marker_enrichment": {
      "CD45": 0.36138075459724517,
      "CD11b": 0.4845441628646268,
      "Ly6G": 1.5814753589782278,
      "CD140a": 0.5955446109342523,
      "CD140b": 0.0861554929548478,
      "CD31": 0.037410092920156,
      "CD34": 0.4141145618641134,
      "CD206": 0.2842115802610588,
      "CD44": 0.3022890996193169
    }
  },
  "6": {
    "cell_type": "activated_m2_cd44",
    "confidence": 0.6666666666666666,
    "n_cells": 168,
    "marker_enrichment": {
      "CD45": 1.0495268009264207,
      "CD11b": 2.0983135218519156,
      "Ly6G": 3.7422225226009544,
      "CD140a": 1.9683587526069335,
      "CD140b": 0.4584660219791237,
      "CD31": 0.5943263971702083,
      "CD34": 1.1092144796419965,
      "CD206": 3.2856450073712997,
      "CD44": 4.307380216646991
    }
  },
  "7": {
    "cell_type": "activated_endothelial_cd140b",
    "confidence": 0.75,
    "n_cells": 163,
    "marker_enrichment": {
      "CD45": 0.7672406905020778,
      "CD11b": 1.380387235834555,
      "Ly6G": -0.5578926267294487,
      "CD140a": 0.6553106798565584,
      "CD140b": 13.091502108297222,
      "CD31": 2.7203081895709778,
      "CD34": 5.334356561188757,
      "CD206": 1.0158017499758007,
      "CD44": 0.8645367769954232
    }
  },
  "8": {
    "cell_type": "m2_macrophage",
    "confidence": 0.7142857142857143,
    "n_cells": 150,
    "marker_enrichment": {
      "CD45": 0.7886489189876625,
      "CD11b": 2.814207524775968,
      "Ly6G": 1.6835167699442168,
      "CD140a": 3.295352943041787,
      "CD140b": 0.25203717222875677,
      "CD31": 1.5605883315047617,
      "CD34": 0.5374971795266343,
      "CD206": 5.513751283408356,
      "CD44": -0.04275382141899063
    }
  },
  "9": {
    "cell_type": "immune_cells",
    "confidence": 0.8333333333333334,
    "n_cells": 108,
    "marker_enrichment": {
      "CD45": 4.197348056820222,
      "CD11b": 0.3489328837740684,
      "Ly6G": 0.39050977292816774,
      "CD140a": 0.5160490705882436,
      "CD140b": 0.03645300110709343,
      "CD31": 0.02549868245843125,
      "CD34": 2.0168940893168847,
      "CD206": 0.37477803046723396,
      "CD44": 0.4582117282647774
    }
  },
  "10": {
    "cell_type": "activated_m2_cd44",
    "confidence": 0.6666666666666666,
    "n_cells": 63,
    "marker_enrichment": {
      "CD45": 2.9247755234146333,
      "CD11b": 10.233801370225608,
      "Ly6G": 3.0462858026313953,
      "CD140a": 2.009622316741484,
      "CD140b": 0.1751781438206177,
      "CD31": 23.60012360977201,
      "CD34": 0.7495169218364706,
      "CD206": 2.128591588270296,
      "CD44": 9.741503114388225
    }
  },
  "11": {
    "cell_type": "activated_fibroblast_cd44",
    "confidence": 0.8,
    "n_cells": 34,
    "marker_enrichment": {
      "CD45": 0.8873662343355044,
      "CD11b": 1.3726733647144318,
      "Ly6G": 1.3712126726424434,
      "CD140a": 6.593179291532743,
      "CD140b": 0.07798870766751523,
      "CD31": 0.4548473614988225,
      "CD34": 0.5755157559037757,
      "CD206": 1.8279807347547465,
      "CD44": 2.576272707183959
    }
  }
}