{
  "n_superpixels": 2457,
  "thresholds_used": {
    "CD45": 1.7716147561657687,
    "CD11b": 2.5356699519235524,
    "Ly6G": 1.8830740907907169,
    "CD140a": 2.5202648428735435,
    "CD140b": 2.463128962797226,
    "CD31": 3.1007216813357577,
    "CD34": 2.53727537831883,
    "CD206": 2.681469771270262,
    "CD44": 2.4927216111172763
  },
  "assignment_counts": {
    "neutrophil": 200,
    "activated_m2_cd44": 10,
    "activated_m2_cd140b": 6,
    "m2_macrophage": 18,
    "activated_myeloid_cd44": 8,
    "activated_myeloid_cd140b": 2,
    "myeloid": 13,
    "activated_immune": 3,
    "immune_cells": 18,
    "activated_endothelial_cd44": 5,
    "activated_endothelial_cd140b": 38,
    "endothelial": 111,
    "activated_fibroblast_cd44": 3,
    "activated_fibroblast_cd140b": 5,
    "fibroblast": 23,
    "unassigned": 1994
  },
  "ambiguity_rate": 0.0,
  "n_multi_assigned": 0,
  "unassigned_fraction": 0.8115588115588116
}