{
  "n_superpixels": 2440,
  "thresholds_used": {
    "CD45": 1.753762334384672,
    "CD11b": 2.470608691356094,
    "Ly6G": 1.8336126265987494,
    "CD140a": 2.4808294305568963,
    "CD140b": 2.212516930851479,
    "CD31": 2.3124370625972457,
    "CD34": 2.150014177857141,
    "CD206": 1.9720121266398434,
    "CD44": 2.399912625188184
  },
  "assignment_counts": {
    "neutrophil": 91,
    "activated_m2_cd44": 29,
    "activated_m2_cd140b": 2,
    "m2_macrophage": 8,
    "activated_myeloid_cd44": 16,
    "activated_myeloid_cd140b": 2,
    "myeloid": 10,
    "activated_immune": 2,
    "immune_cells": 20,
    "activated_endothelial_cd44": 7,
    "activated_endothelial_cd140b": 10,
    "endothelial": 33,
    "activated_fibroblast_cd44": 0,
    "activated_fibroblast_cd140b": 17,
    "fibroblast": 31,
    "unassigned": 2162
  },
  "ambiguity_rate": 0.0,
  "n_multi_assigned": 0,
  "unassigned_fraction": 0.8860655737704918
}