{
  "n_superpixels": 2444,
  "thresholds_used": {
    "CD45": 1.6318004758905984,
    "CD11b": 2.4783866535791352,
    "Ly6G": 1.8085726117606382,
    "CD140a": 2.248554913567802,
    "CD140b": 2.040163577516896,
    "CD31": 2.2881714686592254,
    "CD34": 1.9394401623217554,
    "CD206": 1.9469397467217042,
    "CD44": 2.296861478177151
  },
  "assignment_counts": {
    "neutrophil": 133,
    "activated_m2_cd44": 97,
    "activated_m2_cd140b": 8,
    "m2_macrophage": 24,
    "activated_myeloid_cd44": 29,
    "activated_myeloid_cd140b": 4,
    "myeloid": 18,
    "activated_immune": 8,
    "immune_cells": 33,
    "activated_endothelial_cd44": 121,
    "activated_endothelial_cd140b": 73,
    "endothelial": 101,
    "activated_fibroblast_cd44": 20,
    "activated_fibroblast_cd140b": 47,
    "fibroblast": 68,
    "unassigned": 1660
  },
  "ambiguity_rate": 0.11824877250409166,
  "n_multi_assigned": 289,
  "unassigned_fraction": 0.679214402618658
}