{
  "n_superpixels": 2469,
  "thresholds_used": {
    "CD45": 699.8848474129229,
    "CD11b": 372.6820432623675,
    "Ly6G": 684.9147050078359,
    "CD140a": 2382.201886439691,
    "CD140b": 2203.7299859075642,
    "CD31": 2322.404864669909,
    "CD34": 265.3136519746535,
    "CD206": 644.2705760583996,
    "CD44": 3852.343477679451
  },
  "assignment_counts": {
    "neutrophil": 55,
    "activated_m2_cd44": 14,
    "activated_m2_cd140b": 2,
    "m2_macrophage": 37,
    "activated_myeloid_cd44": 4,
    "activated_myeloid_cd140b": 2,
    "myeloid": 13,
    "activated_immune": 3,
    "immune_cells": 30,
    "activated_endothelial_cd44": 117,
    "activated_endothelial_cd140b": 10,
    "endothelial": 45,
    "activated_fibroblast_cd44": 148,
    "activated_fibroblast_cd140b": 27,
    "fibroblast": 35,
    "unassigned": 1927
  },
  "ambiguity_rate": 0.10773592547590118,
  "n_multi_assigned": 266,
  "unassigned_fraction": 0.7804779262859457
}