{
  "n_superpixels": 2412,
  "thresholds_used": {
    "CD45": 1896.0880437571188,
    "CD11b": 7.605618168347819,
    "Ly6G": 984.1373541092623,
    "CD140a": 1286.186321421342,
    "CD140b": 2039.760023698933,
    "CD31": 44.21057569145765,
    "CD34": 88.45128157797494,
    "CD206": 104.66157702242427,
    "CD44": 575.5328516756691
  },
  "assignment_counts": {
    "activated_immune_cd44": 93,
    "activated_immune_cd140b": 50,
    "m2_macrophage": 38,
    "activated_endothelial_cd44": 108,
    "activated_endothelial_cd140b": 29,
    "activated_fibroblast": 112,
    "neutrophil": 89,
    "resting_endothelial": 40,
    "unassigned": 1853
  },
  "ambiguity_rate": 0.07835820895522388,
  "n_multi_assigned": 189,
  "unassigned_fraction": 0.7682421227197347
}