{
  "n_superpixels": 2471,
  "thresholds_used": {
    "CD45": 131.31473238572158,
    "CD11b": 1165.2706624503974,
    "Ly6G": 87.32547988277749,
    "CD140a": 6225.911198739021,
    "CD140b": 671.9272220255231,
    "CD31": 754.4735007931122,
    "CD34": 1212.238227127703,
    "CD206": 1294.803519427811,
    "CD44": 45.38422318893687
  },
  "assignment_counts": {
    "neutrophil": 65,
    "activated_m2_cd44": 11,
    "activated_m2_cd140b": 3,
    "m2_macrophage": 1,
    "activated_myeloid_cd44": 14,
    "activated_myeloid_cd140b": 2,
    "myeloid": 11,
    "activated_immune": 37,
    "immune_cells": 68,
    "activated_endothelial_cd44": 57,
    "activated_endothelial_cd140b": 55,
    "endothelial": 76,
    "activated_fibroblast_cd44": 57,
    "activated_fibroblast_cd140b": 61,
    "fibroblast": 150,
    "unassigned": 1803
  },
  "ambiguity_rate": 0.046944556859571024,
  "n_multi_assigned": 116,
  "unassigned_fraction": 0.7296641036017807
}