{
  "0": {
    "cell_type": "immune_cells",
    "confidence": 0.5,
    "n_cells": 439,
    "marker_enrichment": {
      "CD45": 0.7041848487585802,
      "CD11b": 0.5951095912019866,
      "Ly6G": 1.0447296966119701,
      "CD140a": 0.9951157247188688,
      "CD140b": 0.09539652813087972,
      "CD31": 0.20034126547787398,
      "CD34": 1.0049538637326676,
      "CD206": 0.7328872184061755,
      "CD44": 0.9399182816364257
    }
  },
  "1": {
    "cell_type": "activated_fibroblast_cd44",
    "confidence": 0.6,
    "n_cells": 345,
    "marker_enrichment": {
      "CD45": 0.35122092320538123,
      "CD11b": 0.3082626129225676,
      "Ly6G": 0.7624539392976786,
      "CD140a": 1.3496554102779748,
      "CD140b": 0.23376095000701205,
      "CD31": 0.08078163952825386,
      "CD34": 1.0744709256126987,
      "CD206": 0.4005970704077874,
      "CD44": 1.9624325690915936
    }
  },
  "2": {
    "cell_type": "immune_cells",
    "confidence": 0.6666666666666666,
    "n_cells": 344,
    "marker_enrichment": {
      "CD45": 0.48376333714746217,
      "CD11b": 0.4831639929732203,
      "Ly6G": 0.6184401421174577,
      "CD140a": 0.5452425146419693,
      "CD140b": 0.032482310572688716,
      "CD31": 0.08451309240156402,
      "CD34": 0.8026797465803398,
      "CD206": 0.6929015173111902,
      "CD44": 0.5090740281329762
    }
  },
  "3": {
    "cell_type": "immune_cells",
    "confidence": 0.6666666666666666,
    "n_cells": 285,
    "marker_enrichment": {
      "CD45": 0.42292853396929336,
      "CD11b": 0.3301155869851651,
      "Ly6G": 0.7954485400907415,
      "CD140a": 0.8245712783004727,
      "CD140b": 0.04769511415061892,
      "CD31": 0.06689117121298048,
      "CD34": 1.131396521479301,
      "CD206": 0.43178802360870483,
      "CD44": 0.45394718649718757
    }
  },
  "4": {
    "cell_type": "immune_cells",
    "confidence": 0.6666666666666666,
    "n_cells": 284,
    "marker_enrichment": {
      "CD45": 0.3990797020565366,
      "CD11b": 0.3101141136033796,
      "Ly6G": 0.084573362416192,
      "CD140a": 0.4200024807764629,
      "CD140b": 0.07791796253792024,
      "CD31": 0.06560305116141553,
      "CD34": 0.9612708156178079,
      "CD206": 0.39898229434007926,
      "CD44": 0.6107192802006582
    }
  },
  "5": {
    "cell_type": "activated_m2_cd44",
    "confidence": 0.6666666666666666,
    "n_cells": 221,
    "marker_enrichment": {
      "CD45": 1.1827850985496753,
      "CD11b": 1.6187576769210341,
      "Ly6G": 3.497408188903101,
      "CD140a": 1.7465658757896247,
      "CD140b": 0.18656474385083388,
      "CD31": 0.38344669322710284,
      "CD34": 1.0598731613939325,
      "CD206": 1.735938937927066,
      "CD44": 1.5912135104421545
    }
  },
  "6": {
    "cell_type": "endothelial",
    "confidence": 0.6,
    "n_cells": 199,
    "marker_enrichment": {
      "CD45": 1.267724518032855,
      "CD11b": 4.687737172165824,
      "Ly6G": 0.8994088129052585,
      "CD140a": 0.7610406757562018,
      "CD140b": 0.37714226480917007,
      "CD31": 9.761206793346085,
      "CD34": 1.0104129341361774,
      "CD206": 3.192146703892978,
      "CD44": 0.5506008741831095
    }
  },
  "7": {
    "cell_type": "neutrophil",
    "confidence": 0.5,
    "n_cells": 122,
    "marker_enrichment": {
      "CD45": 2.465369974928158,
      "CD11b": 0.7261923826377537,
      "Ly6G": 0.9634298484144215,
      "CD140a": 2.016800901572025,
      "CD140b": 0.10310197353753352,
      "CD31": 0.21082308335755753,
      "CD34": 1.0074050957843212,
      "CD206": 1.0962548948103077,
      "CD44": 1.02457579190764
    }
  },
  "8": {
    "cell_type": "activated_m2_cd44",
    "confidence": 0.6666666666666666,
    "n_cells": 83,
    "marker_enrichment": {
      "CD45": 3.845255891878095,
      "CD11b": 2.5126001410613976,
      "Ly6G": 1.2967109249451518,
      "CD140a": 1.4652954374142668,
      "CD140b": 21.21105907259379,
      "CD31": 1.3961594371732886,
      "CD34": 0.9716523254280777,
      "CD206": 2.6887207592151774,
      "CD44": 2.391779803833881
    }
  },
  "9": {
    "cell_type": "neutrophil",
    "confidence": 0.5,
    "n_cells": 57,
    "marker_enrichment": {
      "CD45": 7.2771879913937125,
      "CD11b": 1.320808730110308,
      "Ly6G": 0.29433271221408847,
      "CD140a": 0.5185745980217317,
      "CD140b": 5.6175299961663905,
      "CD31": 0.4840218275745288,
      "CD34": 0.9948653359099255,
      "CD206": 1.2024775791992226,
      "CD44": 0.4675827810062356
    }
  }
}