{
  "n_superpixels": 2437,
  "thresholds_used": {
    "CD45": 2.0010369440036424,
    "CD11b": 2.905748697097234,
    "Ly6G": 2.0406192286350913,
    "CD140a": 2.3575514998191354,
    "CD140b": 3.0596330556462537,
    "CD31": 2.9133575529731566,
    "CD34": 2.54871042716104,
    "CD206": 2.059414746162251,
    "CD44": 3.233363386605909
  },
  "assignment_counts": {
    "neutrophil": 91,
    "activated_m2_cd44": 86,
    "activated_m2_cd140b": 38,
    "m2_macrophage": 9,
    "activated_myeloid_cd44": 19,
    "activated_myeloid_cd140b": 8,
    "myeloid": 9,
    "activated_immune": 4,
    "immune_cells": 24,
    "activated_endothelial_cd44": 68,
    "activated_endothelial_cd140b": 102,
    "endothelial": 128,
    "activated_fibroblast_cd44": 58,
    "activated_fibroblast_cd140b": 37,
    "fibroblast": 22,
    "unassigned": 1734
  },
  "ambiguity_rate": 0.0853508411981945,
  "n_multi_assigned": 208,
  "unassigned_fraction": 0.7115305703734099
}