{
  "0": {
    "cell_type": "immune_cells",
    "confidence": 0.8333333333333334,
    "n_cells": 522,
    "marker_enrichment": {
      "CD45": 0.411376334956071,
      "CD11b": 0.5897914426419923,
      "Ly6G": -0.010285747534652905,
      "CD140a": 0.23807880642495655,
      "CD140b": 0.17228159495305312,
      "CD31": 0.3951474398617167,
      "CD34": 0.16300693216585552,
      "CD206": 0.5177483430524099,
      "CD44": 0.2421921196006368
    }
  },
  "1": {
    "cell_type": "activated_fibroblast_cd44",
    "confidence": 0.4,
    "n_cells": 419,
    "marker_enrichment": {
      "CD45": 0.6507898401673763,
      "CD11b": 0.5136588803261343,
      "Ly6G": 1.0821333629526035,
      "CD140a": 1.3864886049426692,
      "CD140b": 1.3128624637676287,
      "CD31": 0.9447145714517109,
      "CD34": 0.3778587766231678,
      "CD206": 0.23067209841985895,
      "CD44": 1.4053491118424664
    }
  },
  "2": {
    "cell_type": "activated_fibroblast_cd44",
    "confidence": 0.4,
    "n_cells": 363,
    "marker_enrichment": {
      "CD45": 0.6348940052727413,
      "CD11b": 0.5377413141050313,
      "Ly6G": 0.5730561321909924,
      "CD140a": 0.9499181402178797,
      "CD140b": 1.0190467379968104,
      "CD31": 1.2305714952407552,
      "CD34": 0.3136266354424533,
      "CD206": 0.9129314083502733,
      "CD44": 0.9269296546505958
    }
  },
  "3": {
    "cell_type": "activated_fibroblast_cd44",
    "confidence": 0.4,
    "n_cells": 299,
    "marker_enrichment": {
      "CD45": 0.5909323716211257,
      "CD11b": 0.5742973409438137,
      "Ly6G": 1.163733006316018,
      "CD140a": 1.0597830158092276,
      "CD140b": 1.0734299203300157,
      "CD31": 0.7501496136045847,
      "CD34": 0.38453608423680036,
      "CD206": 1.272050320644356,
      "CD44": 1.0046665683248541
    }
  },
  "4": {
    "cell_type": "immune_cells",
    "confidence": 0.5,
    "n_cells": 256,
    "marker_enrichment": {
      "CD45": 0.5937704621500448,
      "CD11b": 0.6016421972548542,
      "Ly6G": 0.370608257137033,
      "CD140a": 0.74525961832371,
      "CD140b": 0.6077221993523605,
      "CD31": 0.9513370319213025,
      "CD34": 0.14993042431775108,
      "CD206": 0.1534176995288481,
      "CD44": 0.7193429347514619
    }
  },
  "5": {
    "cell_type": "activated_immune",
    "confidence": 0.6666666666666666,
    "n_cells": 212,
    "marker_enrichment": {
      "CD45": 0.7977666939723488,
      "CD11b": 0.5317701365452248,
      "Ly6G": 1.453053396487295,
      "CD140a": 2.6231068721815625,
      "CD140b": 2.7758204428395605,
      "CD31": 2.1478150047385265,
      "CD34": 0.4270600691036502,
      "CD206": 0.8224101732234538,
      "CD44": 2.4822226074784406
    }
  },
  "6": {
    "cell_type": "neutrophil",
    "confidence": 0.75,
    "n_cells": 203,
    "marker_enrichment": {
      "CD45": 1.8379259856283536,
      "CD11b": 1.1176843013260611,
      "Ly6G": 4.24596107033356,
      "CD140a": 1.1318243359166527,
      "CD140b": 1.1688115217467532,
      "CD31": 1.2248464996370192,
      "CD34": 0.6562909189452658,
      "CD206": 5.1218691086294825,
      "CD44": 1.271165115303112
    }
  },
  "7": {
    "cell_type": "activated_m2_cd44",
    "confidence": 0.3333333333333333,
    "n_cells": 195,
    "marker_enrichment": {
      "CD45": 4.513818228608898,
      "CD11b": 5.5658728692693815,
      "Ly6G": 1.0262902825720468,
      "CD140a": 0.6432988285364235,
      "CD140b": 0.804054190838223,
      "CD31": 1.273756631338034,
      "CD34": 8.89548110938662,
      "CD206": 0.7024681627186312,
      "CD44": 0.7612008443629341
    }
  }
}