{
  "n_superpixels": 2440,
  "thresholds_used": {
    "CD45": 1.753762334384672,
    "CD11b": 2.470608691356094,
    "Ly6G": 1.8336126265987494,
    "CD140a": 2.4808294305568963,
    "CD140b": 2.212516930851479,
    "CD31": 2.3124370625972457,
    "CD34": 2.150014177857141,
    "CD206": 1.9720121266398434,
    "CD44": 2.399912625188184
  },
  "assignment_counts": {
    "neutrophil": 91,
    "activated_m2_cd44": 68,
    "activated_m2_cd140b": 9,
    "m2_macrophage": 11,
    "activated_myeloid_cd44": 40,
    "activated_myeloid_cd140b": 4,
    "myeloid": 15,
    "activated_immune": 17,
    "immune_cells": 58,
    "activated_endothelial_cd44": 146,
    "activated_endothelial_cd140b": 74,
    "endothelial": 96,
    "activated_fibroblast_cd44": 18,
    "activated_fibroblast_cd140b": 40,
    "fibroblast": 71,
    "unassigned": 1682
  },
  "ambiguity_rate": 0.10655737704918032,
  "n_multi_assigned": 260,
  "unassigned_fraction": 0.6893442622950819
}